-- MySQL dump 10.13  Distrib 5.7.19, for Linux (x86_64)
--
-- Host: localhost    Database: deckdb
-- ------------------------------------------------------
-- Server version	5.7.19

/*!40101 SET @OLD_CHARACTER_SET_CLIENT=@@CHARACTER_SET_CLIENT */;
/*!40101 SET @OLD_CHARACTER_SET_RESULTS=@@CHARACTER_SET_RESULTS */;
/*!40101 SET @OLD_COLLATION_CONNECTION=@@COLLATION_CONNECTION */;
/*!40101 SET NAMES utf8 */;
/*!40103 SET @OLD_TIME_ZONE=@@TIME_ZONE */;
/*!40103 SET TIME_ZONE='+00:00' */;
/*!40014 SET @OLD_UNIQUE_CHECKS=@@UNIQUE_CHECKS, UNIQUE_CHECKS=0 */;
/*!40014 SET @OLD_FOREIGN_KEY_CHECKS=@@FOREIGN_KEY_CHECKS, FOREIGN_KEY_CHECKS=0 */;
/*!40101 SET @OLD_SQL_MODE=@@SQL_MODE, SQL_MODE='NO_AUTO_VALUE_ON_ZERO' */;
/*!40111 SET @OLD_SQL_NOTES=@@SQL_NOTES, SQL_NOTES=0 */;

--
-- Table structure for table `dk_attachments`
--

DROP TABLE IF EXISTS `dk_attachments`;
/*!40101 SET @saved_cs_client     = @@character_set_client */;
/*!40101 SET character_set_client = utf8 */;
CREATE TABLE `dk_attachments` (
  `id` int(11) NOT NULL AUTO_INCREMENT,
  `org_id` int(11) NOT NULL,
  `type` varchar(255) NOT NULL,
  `name` varchar(255) NOT NULL,
  `file_name` varchar(255) NOT NULL,
  `size` varchar(255) NOT NULL,
  `format` varchar(255) NOT NULL,
  `create_date` datetime NOT NULL,
  PRIMARY KEY (`id`)
) ENGINE=InnoDB AUTO_INCREMENT=6 DEFAULT CHARSET=latin1;
/*!40101 SET character_set_client = @saved_cs_client */;

--
-- Dumping data for table `dk_attachments`
--

LOCK TABLES `dk_attachments` WRITE;
/*!40000 ALTER TABLE `dk_attachments` DISABLE KEYS */;
INSERT INTO `dk_attachments` VALUES (1,46,'pdf','testing.pdf','59e840f0b016e_testing.pdf','','','2017-10-19 11:38:14'),(2,46,'pdf','testing2.pdf','59e840f0b0214_testing2.pdf','','','2017-10-19 11:38:14'),(3,73,'ppt','sample.ppt','59f6deb50fcf0_sample.ppt','','','2017-10-30 13:43:12'),(4,73,'doc','TestWordDoc.doc','59f6deb50fda0_TestWordDoc.doc','','','2017-10-30 13:43:12'),(5,73,'pdf','pdf-sample.pdf','59f6deb50fe45_pdf-sample.pdf','','','2017-10-30 13:43:12');
/*!40000 ALTER TABLE `dk_attachments` ENABLE KEYS */;
UNLOCK TABLES;

--
-- Table structure for table `dk_deck_print`
--

DROP TABLE IF EXISTS `dk_deck_print`;
/*!40101 SET @saved_cs_client     = @@character_set_client */;
/*!40101 SET character_set_client = utf8 */;
CREATE TABLE `dk_deck_print` (
  `id` int(11) NOT NULL AUTO_INCREMENT,
  `org_id` int(11) NOT NULL,
  `user_id` int(11) NOT NULL,
  `browser` varchar(255) NOT NULL,
  `print_time` datetime NOT NULL,
  PRIMARY KEY (`id`)
) ENGINE=InnoDB AUTO_INCREMENT=21 DEFAULT CHARSET=latin1;
/*!40101 SET character_set_client = @saved_cs_client */;

--
-- Dumping data for table `dk_deck_print`
--

LOCK TABLES `dk_deck_print` WRITE;
/*!40000 ALTER TABLE `dk_deck_print` DISABLE KEYS */;
INSERT INTO `dk_deck_print` VALUES (1,40,1,'Mozilla/5.0 (Windows NT 10.0; Win64; x64) AppleWebKit/537.36 (KHTML, like Gecko) Chrome/61.0.3163.100 Safari/537.36','2017-10-17 11:11:47'),(2,4,1,'Mozilla/5.0 (Windows NT 10.0; Win64; x64) AppleWebKit/537.36 (KHTML, like Gecko) Chrome/61.0.3163.100 Safari/537.36','2017-10-17 11:12:15'),(3,40,1,'Mozilla/5.0 (Windows NT 10.0; Win64; x64) AppleWebKit/537.36 (KHTML, like Gecko) Chrome/61.0.3163.100 Safari/537.36','2017-10-17 11:15:31'),(4,3,1,'','2017-10-17 00:00:00'),(5,1,1,'','2017-10-17 00:00:00'),(6,39,1,'','2017-10-17 00:00:00'),(7,3,3,'Mozilla/5.0 (Windows NT 10.0; Win64; x64) AppleWebKit/537.36 (KHTML, like Gecko) Chrome/61.0.3163.100 Safari/537.36','2017-10-17 14:16:36'),(8,3,3,'Mozilla/5.0 (Windows NT 10.0; Win64; x64) AppleWebKit/537.36 (KHTML, like Gecko) Chrome/61.0.3163.100 Safari/537.36','2017-10-17 14:17:51'),(9,3,3,'Mozilla/5.0 (Windows NT 10.0; Win64; x64) AppleWebKit/537.36 (KHTML, like Gecko) Chrome/61.0.3163.100 Safari/537.36','2017-10-17 14:28:49'),(10,3,3,'Mozilla/5.0 (Windows NT 10.0; Win64; x64) AppleWebKit/537.36 (KHTML, like Gecko) Chrome/61.0.3163.100 Safari/537.36','2017-10-17 14:38:54'),(11,3,1,'Mozilla/5.0 (Windows NT 10.0; Win64; x64) AppleWebKit/537.36 (KHTML, like Gecko) Chrome/61.0.3163.100 Safari/537.36','2017-10-17 16:15:19'),(12,45,1,'Mozilla/5.0 (Macintosh; Intel Mac OS X 10_12_6) AppleWebKit/537.36 (KHTML, like Gecko) Chrome/61.0.3163.100 Safari/537.36','2017-10-20 14:12:37'),(13,50,1,'Mozilla/5.0 (Windows NT 10.0; Win64; x64) AppleWebKit/537.36 (KHTML, like Gecko) Chrome/61.0.3163.100 Safari/537.36','2017-10-23 12:45:41'),(14,50,1,'Mozilla/5.0 (Windows NT 10.0; Win64; x64) AppleWebKit/537.36 (KHTML, like Gecko) Chrome/61.0.3163.100 Safari/537.36','2017-10-23 12:45:56'),(15,50,1,'Mozilla/5.0 (Windows NT 10.0; Win64; x64) AppleWebKit/537.36 (KHTML, like Gecko) Chrome/61.0.3163.100 Safari/537.36','2017-10-23 12:46:02'),(16,50,1,'Mozilla/5.0 (Windows NT 10.0; Win64; x64) AppleWebKit/537.36 (KHTML, like Gecko) Chrome/61.0.3163.100 Safari/537.36','2017-10-23 12:46:04'),(17,50,1,'Mozilla/5.0 (Windows NT 10.0; Win64; x64) AppleWebKit/537.36 (KHTML, like Gecko) Chrome/61.0.3163.100 Safari/537.36','2017-10-23 12:46:07'),(18,50,1,'Mozilla/5.0 (Windows NT 10.0; Win64; x64) AppleWebKit/537.36 (KHTML, like Gecko) Chrome/61.0.3163.100 Safari/537.36','2017-10-23 12:48:11'),(19,2,89,'Mozilla/5.0 (Windows NT 10.0; Win64; x64) AppleWebKit/537.36 (KHTML, like Gecko) Chrome/61.0.3163.100 Safari/537.36','2017-10-27 15:56:37'),(20,2,89,'Mozilla/5.0 (Windows NT 10.0; Win64; x64) AppleWebKit/537.36 (KHTML, like Gecko) Chrome/61.0.3163.100 Safari/537.36','2017-10-27 15:56:57');
/*!40000 ALTER TABLE `dk_deck_print` ENABLE KEYS */;
UNLOCK TABLES;

--
-- Table structure for table `dk_deck_view`
--

DROP TABLE IF EXISTS `dk_deck_view`;
/*!40101 SET @saved_cs_client     = @@character_set_client */;
/*!40101 SET character_set_client = utf8 */;
CREATE TABLE `dk_deck_view` (
  `id` int(11) NOT NULL AUTO_INCREMENT,
  `org_id` int(11) NOT NULL,
  `user_id` int(11) NOT NULL,
  `view_time` datetime NOT NULL,
  PRIMARY KEY (`id`)
) ENGINE=InnoDB AUTO_INCREMENT=348 DEFAULT CHARSET=latin1;
/*!40101 SET character_set_client = @saved_cs_client */;

--
-- Dumping data for table `dk_deck_view`
--

LOCK TABLES `dk_deck_view` WRITE;
/*!40000 ALTER TABLE `dk_deck_view` DISABLE KEYS */;
INSERT INTO `dk_deck_view` VALUES (1,14,89,'2017-10-13 11:54:28'),(2,1,89,'2017-10-13 12:14:35'),(3,1,89,'2017-10-13 12:14:59'),(4,2,89,'2017-10-13 12:25:23'),(5,2,89,'2017-10-13 12:26:13'),(6,3,91,'2017-10-13 12:37:22'),(7,4,1,'2017-10-13 12:41:09'),(8,4,91,'2017-10-13 12:46:05'),(9,4,1,'2017-10-14 01:34:20'),(10,4,1,'2017-10-14 01:34:22'),(11,4,1,'2017-10-14 02:39:51'),(12,3,1,'2017-10-14 03:10:53'),(13,3,1,'2017-10-14 03:13:37'),(14,3,1,'2017-10-14 03:15:45'),(15,4,1,'2017-10-14 03:32:23'),(16,2,1,'2017-10-14 03:32:51'),(17,1,1,'2017-10-14 03:33:48'),(18,2,1,'2017-10-14 03:34:37'),(19,3,1,'2017-10-14 04:06:38'),(20,3,1,'2017-10-14 05:06:40'),(21,5,1,'2017-10-14 08:12:56'),(22,5,1,'2017-10-14 08:13:10'),(23,1,1,'2017-10-14 08:21:15'),(24,4,1,'2017-10-14 08:34:02'),(25,4,1,'2017-10-14 09:03:04'),(26,3,1,'2017-10-14 09:03:34'),(27,3,1,'2017-10-14 09:06:33'),(28,3,1,'2017-10-14 09:06:49'),(29,2,1,'2017-10-14 09:22:39'),(30,3,1,'2017-10-14 09:22:59'),(31,3,1,'2017-10-14 09:24:29'),(32,4,1,'2017-10-14 09:25:39'),(33,3,1,'2017-10-14 09:27:27'),(34,1,1,'2017-10-14 09:27:48'),(35,3,1,'2017-10-14 10:26:02'),(36,4,1,'2017-10-16 04:46:42'),(37,4,1,'2017-10-16 04:48:04'),(38,4,1,'2017-10-16 04:49:00'),(39,4,1,'2017-10-16 04:51:58'),(40,4,1,'2017-10-16 05:37:56'),(41,4,1,'2017-10-16 05:39:05'),(42,1,1,'2017-10-16 07:28:40'),(43,3,1,'2017-10-16 10:08:14'),(44,14,1,'2017-10-16 10:31:41'),(45,33,1,'2017-10-16 18:34:10'),(46,3,1,'2017-10-17 02:33:34'),(47,4,1,'2017-10-17 04:15:11'),(48,4,1,'2017-10-17 04:24:19'),(49,4,1,'2017-10-17 04:32:13'),(50,39,1,'2017-10-17 04:56:37'),(51,39,1,'2017-10-17 04:57:14'),(52,2,1,'2017-10-17 05:28:05'),(53,2,1,'2017-10-17 05:28:14'),(54,2,1,'2017-10-17 05:29:59'),(55,2,1,'2017-10-17 05:36:12'),(56,2,1,'2017-10-17 05:37:19'),(57,40,1,'2017-10-17 05:41:46'),(58,40,1,'2017-10-17 05:41:51'),(59,4,1,'2017-10-17 05:42:12'),(60,4,1,'2017-10-17 05:42:23'),(61,40,1,'2017-10-17 05:45:27'),(62,40,1,'2017-10-17 05:48:28'),(63,4,1,'2017-10-17 05:49:20'),(64,40,1,'2017-10-17 06:11:41'),(65,4,1,'2017-10-17 06:20:22'),(66,41,1,'2017-10-17 06:25:51'),(67,3,1,'2017-10-17 06:28:16'),(68,4,1,'2017-10-17 06:29:08'),(69,3,1,'2017-10-17 06:30:44'),(70,3,1,'2017-10-17 06:31:47'),(71,3,1,'2017-10-17 06:32:00'),(72,39,1,'2017-10-17 06:32:20'),(73,4,1,'2017-10-17 06:33:39'),(74,3,1,'2017-10-17 06:33:59'),(75,42,1,'2017-10-17 06:34:17'),(76,4,1,'2017-10-17 06:34:24'),(77,3,1,'2017-10-17 06:34:30'),(78,3,1,'2017-10-17 06:35:15'),(79,1,1,'2017-10-17 06:37:03'),(80,3,1,'2017-10-17 06:37:10'),(81,4,1,'2017-10-17 06:37:58'),(82,40,1,'2017-10-17 06:40:22'),(83,1,1,'2017-10-17 06:45:23'),(84,4,1,'2017-10-17 06:46:17'),(85,39,1,'2017-10-17 06:46:41'),(86,3,1,'2017-10-17 06:47:18'),(87,3,1,'2017-10-17 06:48:00'),(88,42,1,'2017-10-17 06:48:04'),(89,3,1,'2017-10-17 06:48:08'),(90,39,1,'2017-10-17 06:50:37'),(91,3,1,'2017-10-17 06:50:39'),(92,39,1,'2017-10-17 06:51:06'),(93,3,1,'2017-10-17 06:51:38'),(94,3,1,'2017-10-17 06:58:30'),(95,3,1,'2017-10-17 06:58:46'),(96,3,1,'2017-10-17 06:59:41'),(97,3,1,'2017-10-17 07:00:40'),(98,44,1,'2017-10-17 07:36:40'),(99,39,1,'2017-10-17 07:42:16'),(100,3,1,'2017-10-17 07:46:32'),(101,39,1,'2017-10-17 09:12:36'),(102,3,1,'2017-10-17 09:23:25'),(103,1,1,'2017-10-17 09:24:20'),(104,4,1,'2017-10-17 09:24:47'),(105,4,1,'2017-10-17 09:27:08'),(106,4,1,'2017-10-17 09:57:10'),(107,4,1,'2017-10-17 10:01:43'),(108,4,1,'2017-10-17 10:02:10'),(109,4,1,'2017-10-17 10:02:45'),(110,4,1,'2017-10-17 10:03:40'),(111,45,1,'2017-10-17 10:21:27'),(112,45,1,'2017-10-17 10:22:36'),(113,45,1,'2017-10-17 10:30:58'),(114,45,1,'2017-10-17 10:32:22'),(115,45,1,'2017-10-17 10:33:52'),(116,45,1,'2017-10-17 10:36:38'),(117,45,1,'2017-10-17 10:36:49'),(118,45,1,'2017-10-17 10:37:12'),(119,45,1,'2017-10-17 10:37:43'),(120,4,1,'2017-10-17 10:39:50'),(121,45,1,'2017-10-17 10:43:43'),(122,3,1,'2017-10-17 10:45:17'),(123,3,1,'2017-10-17 10:45:29'),(124,3,1,'2017-10-17 10:45:43'),(125,3,1,'2017-10-17 10:47:27'),(126,45,1,'2017-10-17 11:09:33'),(127,45,1,'2017-10-17 11:11:16'),(128,45,1,'2017-10-17 11:12:03'),(129,45,1,'2017-10-17 11:29:00'),(130,45,1,'2017-10-19 03:55:57'),(131,45,1,'2017-10-19 05:31:11'),(132,45,1,'2017-10-19 05:41:32'),(133,46,1,'2017-10-19 06:12:21'),(134,46,1,'2017-10-19 06:24:10'),(135,46,1,'2017-10-19 06:43:11'),(136,45,1,'2017-10-19 07:02:24'),(137,46,1,'2017-10-19 08:41:04'),(138,45,1,'2017-10-19 09:27:28'),(139,45,1,'2017-10-19 09:27:56'),(140,46,1,'2017-10-19 09:56:35'),(141,45,1,'2017-10-20 05:16:46'),(142,45,1,'2017-10-20 05:16:55'),(143,4,1,'2017-10-20 05:17:00'),(144,1,1,'2017-10-20 05:17:12'),(145,45,1,'2017-10-20 05:17:16'),(146,1,1,'2017-10-20 05:17:30'),(147,45,1,'2017-10-20 05:17:52'),(148,45,1,'2017-10-20 05:20:10'),(149,45,1,'2017-10-20 05:21:55'),(150,45,1,'2017-10-20 05:24:13'),(151,2,1,'2017-10-20 05:28:31'),(152,45,1,'2017-10-20 05:37:05'),(153,4,1,'2017-10-20 05:39:38'),(154,45,1,'2017-10-20 05:41:16'),(155,45,1,'2017-10-20 06:10:56'),(156,45,1,'2017-10-20 06:28:45'),(157,45,1,'2017-10-20 08:19:29'),(158,45,1,'2017-10-20 08:21:22'),(159,45,1,'2017-10-20 08:40:33'),(160,45,1,'2017-10-20 08:42:19'),(161,45,1,'2017-10-20 08:42:55'),(162,45,1,'2017-10-20 08:43:41'),(163,45,1,'2017-10-20 12:01:52'),(164,45,1,'2017-10-20 12:04:32'),(165,45,1,'2017-10-20 12:06:44'),(166,45,1,'2017-10-20 12:09:09'),(167,47,1,'2017-10-20 12:20:32'),(168,4,1,'2017-10-20 12:27:56'),(169,45,1,'2017-10-20 12:32:49'),(170,45,1,'2017-10-20 12:33:12'),(171,45,1,'2017-10-20 12:42:04'),(172,45,1,'2017-10-20 12:42:25'),(173,45,1,'2017-10-20 12:42:31'),(174,45,1,'2017-10-20 12:43:09'),(175,45,1,'2017-10-20 12:43:50'),(176,45,1,'2017-10-20 12:44:17'),(177,45,1,'2017-10-20 12:45:10'),(178,45,1,'2017-10-20 13:38:13'),(179,4,1,'2017-10-20 13:39:30'),(180,2,89,'2017-10-20 13:46:04'),(181,48,1,'2017-10-20 16:38:51'),(182,48,1,'2017-10-21 03:50:03'),(183,50,1,'2017-10-23 02:35:01'),(184,50,1,'2017-10-23 03:35:02'),(185,48,1,'2017-10-23 03:35:37'),(186,2,1,'2017-10-23 03:35:53'),(187,49,1,'2017-10-23 03:36:58'),(188,49,1,'2017-10-23 03:37:31'),(189,50,1,'2017-10-23 03:59:40'),(190,48,1,'2017-10-23 03:59:51'),(191,50,1,'2017-10-23 04:21:39'),(192,49,1,'2017-10-23 04:33:38'),(193,50,1,'2017-10-23 04:36:47'),(194,49,1,'2017-10-23 04:37:13'),(195,50,1,'2017-10-23 06:13:42'),(196,49,1,'2017-10-23 06:15:49'),(197,50,1,'2017-10-23 07:02:46'),(198,50,1,'2017-10-23 07:15:39'),(199,50,1,'2017-10-23 07:15:45'),(200,50,1,'2017-10-23 07:15:55'),(201,50,1,'2017-10-23 07:16:02'),(202,50,1,'2017-10-23 07:16:04'),(203,50,1,'2017-10-23 07:16:07'),(204,50,1,'2017-10-23 07:18:14'),(205,50,1,'2017-10-23 07:22:41'),(206,53,1,'2017-10-23 09:09:26'),(207,53,1,'2017-10-23 09:13:17'),(208,50,1,'2017-10-23 09:22:05'),(209,50,1,'2017-10-23 09:23:16'),(210,50,1,'2017-10-23 09:23:30'),(211,53,1,'2017-10-23 09:23:42'),(212,53,1,'2017-10-23 09:23:55'),(213,53,1,'2017-10-23 09:25:16'),(214,53,1,'2017-10-23 09:25:18'),(215,53,1,'2017-10-23 09:25:28'),(216,53,1,'2017-10-23 09:25:33'),(217,53,1,'2017-10-23 09:25:53'),(218,55,1,'2017-10-24 05:55:44'),(219,55,1,'2017-10-24 05:56:10'),(220,55,1,'2017-10-24 07:53:51'),(221,57,1,'2017-10-24 09:58:02'),(222,57,1,'2017-10-24 09:58:13'),(223,58,1,'2017-10-24 10:15:27'),(224,57,1,'2017-10-24 10:29:07'),(225,57,1,'2017-10-25 04:08:56'),(226,57,1,'2017-10-25 04:09:12'),(227,57,1,'2017-10-25 04:17:24'),(228,57,1,'2017-10-25 05:50:05'),(229,48,1,'2017-10-25 05:55:26'),(230,57,1,'2017-10-25 05:56:29'),(231,57,1,'2017-10-25 05:56:47'),(232,57,1,'2017-10-25 05:57:48'),(233,57,1,'2017-10-25 06:10:37'),(234,57,1,'2017-10-25 06:11:15'),(235,57,1,'2017-10-25 07:57:45'),(236,64,1,'2017-10-25 08:53:28'),(237,57,1,'2017-10-25 09:14:29'),(238,64,1,'2017-10-25 10:35:04'),(239,64,1,'2017-10-25 10:57:41'),(240,2,1,'2017-10-25 10:59:27'),(241,64,1,'2017-10-25 11:25:34'),(242,57,1,'2017-10-25 11:55:46'),(243,63,1,'2017-10-25 11:55:50'),(244,63,1,'2017-10-25 11:56:39'),(245,63,1,'2017-10-25 11:56:40'),(246,63,1,'2017-10-25 11:56:41'),(247,64,1,'2017-10-25 11:57:14'),(248,53,1,'2017-10-25 11:57:49'),(249,1,89,'2017-10-27 06:43:10'),(250,2,89,'2017-10-27 06:45:32'),(251,2,89,'2017-10-27 06:46:15'),(252,2,89,'2017-10-27 07:33:27'),(253,2,89,'2017-10-27 09:01:52'),(254,71,89,'2017-10-27 09:02:19'),(255,2,89,'2017-10-27 10:08:28'),(256,2,89,'2017-10-27 10:08:37'),(257,2,89,'2017-10-27 10:08:42'),(258,2,89,'2017-10-27 10:08:49'),(259,2,89,'2017-10-27 10:08:55'),(260,2,89,'2017-10-27 10:10:31'),(261,2,89,'2017-10-27 10:26:29'),(262,2,89,'2017-10-27 10:26:42'),(263,2,89,'2017-10-27 10:26:54'),(264,2,89,'2017-10-27 10:27:01'),(265,2,89,'2017-10-27 10:52:58'),(266,2,89,'2017-10-27 11:22:41'),(267,2,89,'2017-10-27 11:22:57'),(268,2,89,'2017-10-27 11:23:24'),(269,2,89,'2017-10-27 11:23:50'),(270,2,89,'2017-10-27 11:39:16'),(271,2,89,'2017-10-27 11:39:29'),(272,2,89,'2017-10-27 11:41:41'),(273,2,89,'2017-10-27 12:20:47'),(274,2,89,'2017-10-27 12:21:05'),(275,71,89,'2017-10-28 04:49:30'),(276,1,89,'2017-10-28 04:49:39'),(277,1,89,'2017-10-28 04:53:43'),(278,57,89,'2017-10-28 05:26:54'),(279,57,89,'2017-10-28 05:57:01'),(280,2,89,'2017-10-28 05:57:40'),(281,1,89,'2017-10-28 05:58:07'),(282,2,89,'2017-10-28 05:58:52'),(283,73,89,'2017-10-30 08:13:21'),(284,73,89,'2017-10-30 08:14:36'),(285,73,89,'2017-10-30 08:17:16'),(286,53,1,'2017-10-30 09:05:25'),(287,53,1,'2017-10-30 09:05:53'),(288,73,89,'2017-10-30 09:06:06'),(289,57,89,'2017-10-30 09:06:18'),(290,53,1,'2017-10-30 09:12:59'),(291,53,1,'2017-10-30 09:13:11'),(292,53,1,'2017-10-30 09:13:25'),(293,53,1,'2017-10-30 09:13:40'),(294,53,1,'2017-10-30 09:13:42'),(295,73,89,'2017-10-30 09:59:45'),(296,73,89,'2017-10-30 09:59:54'),(297,73,89,'2017-10-30 10:00:47'),(298,73,89,'2017-10-30 10:10:41'),(299,73,89,'2017-10-30 11:30:22'),(300,73,89,'2017-10-30 12:11:22'),(301,73,89,'2017-10-30 12:26:23'),(302,73,89,'2017-10-30 12:26:46'),(303,81,89,'2017-10-31 03:44:13'),(304,81,89,'2017-10-31 03:44:30'),(305,81,89,'2017-10-31 03:47:10'),(306,81,89,'2017-10-31 04:00:54'),(307,73,89,'2017-10-31 04:06:14'),(308,73,89,'2017-10-31 04:06:31'),(309,73,89,'2017-10-31 04:07:38'),(310,2,89,'2017-10-31 04:07:57'),(311,73,89,'2017-10-31 04:08:05'),(312,2,89,'2017-10-31 04:08:13'),(313,81,89,'2017-10-31 04:12:44'),(314,81,89,'2017-10-31 04:13:35'),(315,53,1,'2017-10-31 04:24:13'),(316,53,1,'2017-10-31 04:24:32'),(317,85,89,'2017-10-31 04:24:46'),(318,53,1,'2017-10-31 04:34:31'),(319,53,1,'2017-10-31 04:34:41'),(320,53,1,'2017-10-31 04:35:21'),(321,53,1,'2017-10-31 04:37:10'),(322,53,1,'2017-10-31 04:37:24'),(323,85,89,'2017-10-31 04:41:52'),(324,85,89,'2017-10-31 04:42:10'),(325,4,1,'2017-10-31 04:43:17'),(326,4,1,'2017-10-31 04:45:04'),(327,2,89,'2017-10-31 04:55:44'),(328,53,1,'2017-10-31 05:00:19'),(329,53,1,'2017-10-31 05:00:21'),(330,53,1,'2017-10-31 05:01:17'),(331,53,1,'2017-10-31 05:05:08'),(332,2,1,'2017-10-31 05:05:45'),(333,85,89,'2017-10-31 05:11:00'),(334,90,1,'2017-10-31 05:49:58'),(335,85,1,'2017-10-31 07:46:35'),(336,96,89,'2017-10-31 08:11:13'),(337,96,89,'2017-10-31 08:11:17'),(338,96,89,'2017-10-31 08:11:17'),(339,90,89,'2017-10-31 08:54:10'),(340,96,89,'2017-10-31 09:00:03'),(341,96,89,'2017-10-31 09:03:26'),(342,73,1,'2017-10-31 09:59:44'),(343,100,89,'2017-10-31 10:10:29'),(344,100,89,'2017-11-01 04:29:25'),(345,100,89,'2017-11-01 04:29:29'),(346,2,89,'2017-11-01 04:29:39'),(347,2,89,'2017-11-01 04:29:49');
/*!40000 ALTER TABLE `dk_deck_view` ENABLE KEYS */;
UNLOCK TABLES;

--
-- Table structure for table `dk_interested`
--

DROP TABLE IF EXISTS `dk_interested`;
/*!40101 SET @saved_cs_client     = @@character_set_client */;
/*!40101 SET character_set_client = utf8 */;
CREATE TABLE `dk_interested` (
  `id` int(11) NOT NULL AUTO_INCREMENT,
  `deck_id` int(11) NOT NULL,
  `email_id` varchar(255) NOT NULL,
  `reg_ip` varchar(255) NOT NULL,
  `browser` varchar(255) NOT NULL,
  `action` varchar(255) NOT NULL,
  PRIMARY KEY (`id`)
) ENGINE=InnoDB AUTO_INCREMENT=67 DEFAULT CHARSET=latin1;
/*!40101 SET character_set_client = @saved_cs_client */;

--
-- Dumping data for table `dk_interested`
--

LOCK TABLES `dk_interested` WRITE;
/*!40000 ALTER TABLE `dk_interested` DISABLE KEYS */;
INSERT INTO `dk_interested` VALUES (11,3,'preethu@logicalsteps.net','122.166.96.24','Mozilla/5.0 (Windows NT 10.0; Win64; x64) AppleWebKit/537.36 (KHTML, like Gecko) Chrome/61.0.3163.100 Safari/537.36','Interested'),(12,45,'minu@logicalsteps.net','113.193.253.114','Mozilla/5.0 (Windows NT 10.0; Win64; x64) AppleWebKit/537.36 (KHTML, like Gecko) Chrome/61.0.3163.100 Safari/537.36','Interested'),(13,50,'minu@logicalsteps.net','122.166.96.24','Mozilla/5.0 (Windows NT 10.0; Win64; x64) AppleWebKit/537.36 (KHTML, like Gecko) Chrome/61.0.3163.100 Safari/537.36','Interested'),(14,4,'dhanya@logicalsteps.net','122.166.96.24','Mozilla/5.0 (Windows NT 10.0; Win64; x64) AppleWebKit/537.36 (KHTML, like Gecko) Chrome/61.0.3163.100 Safari/537.36','Interested'),(15,0,'','54.165.90.203','ia_archiver','Interested'),(16,1,'demo1@logicalsteps.net','113.193.253.114','Mozilla/5.0 (Windows NT 10.0; Win64; x64) AppleWebKit/537.36 (KHTML, like Gecko) Chrome/61.0.3163.100 Safari/537.36','Interested'),(17,1,'demo1@logicalsteps.net','113.193.253.114','Mozilla/5.0 (Windows NT 10.0; Win64; x64) AppleWebKit/537.36 (KHTML, like Gecko) Chrome/61.0.3163.100 Safari/537.36','Interested'),(18,1,'demo1@logicalsteps.net','113.193.253.114','Mozilla/5.0 (Windows NT 10.0; Win64; x64) AppleWebKit/537.36 (KHTML, like Gecko) Chrome/61.0.3163.100 Safari/537.36','Interested'),(19,73,'','113.193.253.114','Mozilla/5.0 (Windows NT 10.0; Win64; x64) AppleWebKit/537.36 (KHTML, like Gecko) Chrome/61.0.3163.100 Safari/537.36','Interested'),(20,73,'','113.193.253.114','Mozilla/5.0 (Windows NT 10.0; Win64; x64) AppleWebKit/537.36 (KHTML, like Gecko) Chrome/61.0.3163.100 Safari/537.36','Interested'),(21,73,'','113.193.253.114','Mozilla/5.0 (Windows NT 10.0; Win64; x64) AppleWebKit/537.36 (KHTML, like Gecko) Chrome/61.0.3163.100 Safari/537.36','Interested'),(22,73,'','113.193.253.114','Mozilla/5.0 (Windows NT 10.0; Win64; x64) AppleWebKit/537.36 (KHTML, like Gecko) Chrome/61.0.3163.100 Safari/537.36','Interested'),(23,73,'','113.193.253.114','Mozilla/5.0 (Windows NT 10.0; Win64; x64) AppleWebKit/537.36 (KHTML, like Gecko) Chrome/61.0.3163.100 Safari/537.36','Interested'),(24,73,'','113.193.253.114','Mozilla/5.0 (Windows NT 10.0; Win64; x64) AppleWebKit/537.36 (KHTML, like Gecko) Chrome/61.0.3163.100 Safari/537.36','Interested'),(25,73,'','113.193.253.114','Mozilla/5.0 (Windows NT 10.0; Win64; x64) AppleWebKit/537.36 (KHTML, like Gecko) Chrome/61.0.3163.100 Safari/537.36','Interested'),(26,73,'','113.193.253.114','Mozilla/5.0 (Windows NT 10.0; Win64; x64) AppleWebKit/537.36 (KHTML, like Gecko) Chrome/61.0.3163.100 Safari/537.36','Interested'),(27,73,'demo1@logicalsteps.net','116.68.96.197','Mozilla/5.0 (Windows NT 10.0; Win64; x64) AppleWebKit/537.36 (KHTML, like Gecko) Chrome/61.0.3163.100 Safari/537.36','Interested'),(28,73,'demo1@logicalsteps.net','116.68.96.197','Mozilla/5.0 (Windows NT 10.0; Win64; x64) AppleWebKit/537.36 (KHTML, like Gecko) Chrome/61.0.3163.100 Safari/537.36','Interested'),(29,73,'demo1@logicalsteps.net','116.68.96.197','Mozilla/5.0 (Windows NT 10.0; Win64; x64) AppleWebKit/537.36 (KHTML, like Gecko) Chrome/61.0.3163.100 Safari/537.36','Interested'),(30,73,'demo1@logicalsteps.net','116.68.96.197','Mozilla/5.0 (Windows NT 10.0; Win64; x64) AppleWebKit/537.36 (KHTML, like Gecko) Chrome/61.0.3163.100 Safari/537.36','Interested'),(31,73,'anju.s@logicalsteps.net','113.193.253.114','Mozilla/5.0 (Windows NT 10.0; Win64; x64) AppleWebKit/537.36 (KHTML, like Gecko) Chrome/61.0.3163.100 Safari/537.36','Interested'),(32,2,'','113.193.253.114','Mozilla/5.0 (Windows NT 10.0; Win64; x64) AppleWebKit/537.36 (KHTML, like Gecko) Chrome/61.0.3163.100 Safari/537.36','Interested'),(33,2,'anju.s@logicalsteps.net','113.193.253.114','Mozilla/5.0 (Windows NT 10.0; Win64; x64) AppleWebKit/537.36 (KHTML, like Gecko) Chrome/61.0.3163.100 Safari/537.36','Interested'),(34,2,'','113.193.253.114','Mozilla/5.0 (Windows NT 10.0; Win64; x64) AppleWebKit/537.36 (KHTML, like Gecko) Chrome/61.0.3163.100 Safari/537.36','Interested'),(35,2,'','113.193.253.114','Mozilla/5.0 (Windows NT 10.0; Win64; x64) AppleWebKit/537.36 (KHTML, like Gecko) Chrome/61.0.3163.100 Safari/537.36','Interested'),(36,2,'','113.193.253.114','Mozilla/5.0 (Windows NT 10.0; Win64; x64) AppleWebKit/537.36 (KHTML, like Gecko) Chrome/61.0.3163.100 Safari/537.36','Interested'),(37,2,'','113.193.253.114','Mozilla/5.0 (Windows NT 10.0; Win64; x64) AppleWebKit/537.36 (KHTML, like Gecko) Chrome/61.0.3163.100 Safari/537.36','Interested'),(38,2,'','113.193.253.114','Mozilla/5.0 (Windows NT 10.0; Win64; x64) AppleWebKit/537.36 (KHTML, like Gecko) Chrome/61.0.3163.100 Safari/537.36','Interested'),(39,2,'','113.193.253.114','Mozilla/5.0 (Windows NT 10.0; Win64; x64) AppleWebKit/537.36 (KHTML, like Gecko) Chrome/61.0.3163.100 Safari/537.36','Interested'),(40,2,'argrdgtrtgr','113.193.253.114','Mozilla/5.0 (Windows NT 10.0; Win64; x64) AppleWebKit/537.36 (KHTML, like Gecko) Chrome/61.0.3163.100 Safari/537.36','Interested'),(41,2,'hghahgsajsasas','113.193.253.114','Mozilla/5.0 (Windows NT 10.0; Win64; x64) AppleWebKit/537.36 (KHTML, like Gecko) Chrome/61.0.3163.100 Safari/537.36','Interested'),(42,2,'dsdsds','113.193.253.114','Mozilla/5.0 (Windows NT 10.0; Win64; x64) AppleWebKit/537.36 (KHTML, like Gecko) Chrome/61.0.3163.100 Safari/537.36','Interested'),(43,2,'anju.s@logicalsteps.net','113.193.253.114','Mozilla/5.0 (Windows NT 10.0; Win64; x64) AppleWebKit/537.36 (KHTML, like Gecko) Chrome/61.0.3163.100 Safari/537.36','Interested'),(44,2,'anju.s@logicalsteps.net','113.193.253.114','Mozilla/5.0 (Windows NT 10.0; Win64; x64) AppleWebKit/537.36 (KHTML, like Gecko) Chrome/61.0.3163.100 Safari/537.36','Interested'),(45,2,'preethu@logicalsteps.net','113.193.253.114','Mozilla/5.0 (Windows NT 10.0; Win64; x64) AppleWebKit/537.36 (KHTML, like Gecko) Chrome/61.0.3163.100 Safari/537.36','Interested'),(46,2,'minu@logicalsteps.net','113.193.253.114','Mozilla/5.0 (Windows NT 10.0; Win64; x64) AppleWebKit/537.36 (KHTML, like Gecko) Chrome/61.0.3163.100 Safari/537.36','Interested'),(47,2,'admin@logicalsteps.net','113.193.253.114','Mozilla/5.0 (Windows NT 10.0; Win64; x64) AppleWebKit/537.36 (KHTML, like Gecko) Chrome/61.0.3163.100 Safari/537.36','Interested'),(48,2,'admin@logicalsteps.net','113.193.253.114','Mozilla/5.0 (Windows NT 10.0; Win64; x64) AppleWebKit/537.36 (KHTML, like Gecko) Chrome/61.0.3163.100 Safari/537.36','Interested'),(49,2,'admin@logicalsteps.net','113.193.253.114','Mozilla/5.0 (Windows NT 10.0; Win64; x64) AppleWebKit/537.36 (KHTML, like Gecko) Chrome/61.0.3163.100 Safari/537.36','Interested'),(50,2,'admin@logicalsteps.net','113.193.253.114','Mozilla/5.0 (Windows NT 10.0; Win64; x64) AppleWebKit/537.36 (KHTML, like Gecko) Chrome/61.0.3163.100 Safari/537.36','Interested'),(51,2,'admin@logicalsteps.net','113.193.253.114','Mozilla/5.0 (Windows NT 10.0; Win64; x64) AppleWebKit/537.36 (KHTML, like Gecko) Chrome/61.0.3163.100 Safari/537.36','Interested'),(52,2,'preethu@logicalsteps.net','113.193.253.114','Mozilla/5.0 (Windows NT 10.0; Win64; x64) AppleWebKit/537.36 (KHTML, like Gecko) Chrome/61.0.3163.100 Safari/537.36','Interested'),(53,2,'preethu@logicalsteps.net','113.193.253.114','Mozilla/5.0 (Windows NT 10.0; Win64; x64) AppleWebKit/537.36 (KHTML, like Gecko) Chrome/61.0.3163.100 Safari/537.36','Interested'),(54,73,'anju.s@logicalsteps.net','113.193.253.114','Mozilla/5.0 (Windows NT 10.0; Win64; x64) AppleWebKit/537.36 (KHTML, like Gecko) Chrome/61.0.3163.100 Safari/537.36','Interested'),(55,73,'demo1@logicalsteps.net','113.193.253.114','Mozilla/5.0 (Windows NT 10.0; Win64; x64) AppleWebKit/537.36 (KHTML, like Gecko) Chrome/61.0.3163.100 Safari/537.36','Interested'),(56,73,'demo1@logicalsteps.net','113.193.253.114','Mozilla/5.0 (Windows NT 10.0; Win64; x64) AppleWebKit/537.36 (KHTML, like Gecko) Chrome/61.0.3163.100 Safari/537.36','Interested'),(57,73,'anju.s@logicalsteps.net','113.193.253.114','Mozilla/5.0 (Windows NT 10.0; Win64; x64) AppleWebKit/537.36 (KHTML, like Gecko) Chrome/61.0.3163.100 Safari/537.36','Interested'),(58,73,'anju.s@logicalsteps.net','113.193.253.114','Mozilla/5.0 (Windows NT 10.0; Win64; x64) AppleWebKit/537.36 (KHTML, like Gecko) Chrome/61.0.3163.100 Safari/537.36','Interested'),(59,73,'anju.s@logicalsteps.net','113.193.253.114','Mozilla/5.0 (Windows NT 10.0; Win64; x64) AppleWebKit/537.36 (KHTML, like Gecko) Chrome/61.0.3163.100 Safari/537.36','Interested'),(60,73,'anju.s@logicalsteps.net','113.193.253.114','Mozilla/5.0 (Windows NT 10.0; Win64; x64) AppleWebKit/537.36 (KHTML, like Gecko) Chrome/61.0.3163.100 Safari/537.36','Interested'),(61,73,'anju.s@logicalsteps.net','113.193.253.114','Mozilla/5.0 (Windows NT 10.0; Win64; x64) AppleWebKit/537.36 (KHTML, like Gecko) Chrome/61.0.3163.100 Safari/537.36','Interested'),(62,73,'anju.s@logicalsteps.net','113.193.253.114','Mozilla/5.0 (Windows NT 10.0; Win64; x64) AppleWebKit/537.36 (KHTML, like Gecko) Chrome/61.0.3163.100 Safari/537.36','Interested'),(63,81,'demo1@logicalsteps.net','113.193.253.114','Mozilla/5.0 (Windows NT 10.0; Win64; x64) AppleWebKit/537.36 (KHTML, like Gecko) Chrome/61.0.3163.100 Safari/537.36','Interested'),(64,73,'demo1@logicalsteps.net','113.193.253.114','Mozilla/5.0 (Windows NT 10.0; Win64; x64) AppleWebKit/537.36 (KHTML, like Gecko) Chrome/61.0.3163.100 Safari/537.36','Interested'),(65,73,'anju.s@logicalsteps.net','113.193.253.114','Mozilla/5.0 (Windows NT 10.0; Win64; x64) AppleWebKit/537.36 (KHTML, like Gecko) Chrome/61.0.3163.100 Safari/537.36','Interested'),(66,73,'anju.s@logicalsteps.net','113.193.253.114','Mozilla/5.0 (Windows NT 10.0; Win64; x64) AppleWebKit/537.36 (KHTML, like Gecko) Chrome/61.0.3163.100 Safari/537.36','Interested');
/*!40000 ALTER TABLE `dk_interested` ENABLE KEYS */;
UNLOCK TABLES;

--
-- Table structure for table `dk_org_achieve`
--

DROP TABLE IF EXISTS `dk_org_achieve`;
/*!40101 SET @saved_cs_client     = @@character_set_client */;
/*!40101 SET character_set_client = utf8 */;
CREATE TABLE `dk_org_achieve` (
  `id` int(11) NOT NULL AUTO_INCREMENT,
  `org_id` int(11) NOT NULL,
  `achieve` varchar(255) DEFAULT NULL,
  PRIMARY KEY (`id`)
) ENGINE=InnoDB AUTO_INCREMENT=52 DEFAULT CHARSET=latin1;
/*!40101 SET character_set_client = @saved_cs_client */;

--
-- Dumping data for table `dk_org_achieve`
--

LOCK TABLES `dk_org_achieve` WRITE;
/*!40000 ALTER TABLE `dk_org_achieve` DISABLE KEYS */;
INSERT INTO `dk_org_achieve` VALUES (1,1,'n late 2015, the company hit a big milestone: one billion trips.|Uber’s new CEO is ready to clean up the company’s messes |Uber says committed to Egypt, announces $20 million investment'),(2,2,'Flipkart: Asian Age Rs 37 lakh looted from Flipkart’s dispatch centre|Flipkart is all set to buy rival Snapdeal in  e-commerce consolidation|Flipkart raised $1,000,000,000 / Secondary Market from SoftBank'),(3,3,'Xiaomi\'s latest USB Type-C earphones feature Hi-Res audio |Xiaomi Mi MIX 2 to go on sale in India starting October 17| Xiaomi Mi Mix 2 bezel-less smartphone launching in India today'),(4,4,'Apple was named as the most admired company in the United States| iPhone X release date in UK| Apple Maps vs Google Maps'),(5,6,'||'),(6,7,'||'),(7,8,'||'),(8,9,'||'),(9,26,'||'),(10,27,'||'),(11,28,'||'),(12,30,'||'),(13,32,'||'),(14,36,'||'),(15,37,'||'),(16,38,'||'),(17,38,'||'),(18,39,'||'),(19,40,'||'),(20,42,'||'),(21,44,'||'),(22,45,'Ola raising $2 from SoftBank,Tencent in battle for market with Uber|Ola: MadisonMedia takes stake in HiveMinds|Ola raised ?10,000,000,000 / Debt Financing from Yes Bank'),(23,46,'||'),(24,48,'||'),(25,50,'50 clients|20 awards|5 patents'),(26,53,'test|test|testst'),(27,55,'||'),(28,57,'eee|www|qqqq'),(29,57,'eee|www|qqqq'),(30,57,'eee|www|qqqq'),(31,57,'eee|www|qqqq'),(33,72,'||'),(34,73,'||'),(35,81,' Ach1||'),(36,85,'ddd |yyy|iiii'),(37,98,' test\n|test2|test3'),(38,100,'ach1 ||'),(39,105,'yset ||'),(40,111,' test|test|test'),(41,113,'aa ||'),(42,122,'test ||'),(43,124,' test||'),(44,125,' test|test|test'),(45,132,' na1\n|na2|na3'),(46,133,' test1|test3|test5'),(47,134,' tester9|tester1|tester2'),(48,147,'test145|tester45|test14'),(49,149,'qwert|zzxz|sasas'),(50,137,'test|test|test'),(51,151,'||');
/*!40000 ALTER TABLE `dk_org_achieve` ENABLE KEYS */;
UNLOCK TABLES;

--
-- Table structure for table `dk_org_media`
--

DROP TABLE IF EXISTS `dk_org_media`;
/*!40101 SET @saved_cs_client     = @@character_set_client */;
/*!40101 SET character_set_client = utf8 */;
CREATE TABLE `dk_org_media` (
  `id` int(11) NOT NULL AUTO_INCREMENT,
  `org_id` int(11) NOT NULL,
  `user_id` int(11) NOT NULL,
  `media_type` enum('Video','Image','Video-Url') NOT NULL,
  `name` varchar(255) DEFAULT NULL,
  `file_name` varchar(255) NOT NULL,
  `size` varchar(255) NOT NULL,
  `format` varchar(255) NOT NULL,
  `links` varchar(255) NOT NULL,
  `cdte` datetime NOT NULL DEFAULT '2017-10-01 00:00:00',
  PRIMARY KEY (`id`)
) ENGINE=InnoDB AUTO_INCREMENT=41 DEFAULT CHARSET=latin1;
/*!40101 SET character_set_client = @saved_cs_client */;

--
-- Dumping data for table `dk_org_media`
--

LOCK TABLES `dk_org_media` WRITE;
/*!40000 ALTER TABLE `dk_org_media` DISABLE KEYS */;
INSERT INTO `dk_org_media` VALUES (1,1,89,'Image','businessofapps_uber.jpg','59e0ae064e6ad_businessofapps_uber.jpg','870.66','.jpg','','2017-10-13 12:14:20'),(2,1,89,'Image','lrr3a5ohhx6qjod7spcq.png','59e0ae064efee_lrr3a5ohhx6qjod7spcq.png','138.94','.png','','2017-10-13 12:14:20'),(3,1,89,'Image','Self-Driving-Uber-1080x540.png','59e0ae064f32d_Self-Driving-Uber-1080x540.png','909.58','.png','','2017-10-13 12:14:20'),(4,2,89,'Image','flipkart_1475849032218.jpeg','59e0b0955380a_flipkart_1475849032218.jpeg','19.24','.jpeg','','2017-10-13 12:25:13'),(5,2,89,'Image','flipkart-categories.jpg','59e0b09553a06_flipkart-categories.jpg','114.94','.jpg','','2017-10-13 12:25:13'),(6,2,89,'Image','flipkart-delivery-man_650x400_51481788848.jpg','59e0b09553c79_flipkart-delivery-man_650x400_51481788848.jpg','93.21','.jpg','','2017-10-13 12:25:13'),(7,2,89,'Image','flipkart-doc1.png','59e0b09553f16_flipkart-doc1.png','30.56','.png','','2017-10-13 12:25:13'),(8,2,89,'Image','jpg.png','59e0b09554135_jpg.png','244.38','.png','','2017-10-13 12:25:13'),(9,3,91,'Image','FB-mi.com-beta_v3.png','59e0b34ba1c02_FB-mi_com-beta_v3.png','448.88','.png','','2017-10-13 12:37:09'),(10,3,91,'Image','sgbr1minkqitubgkipv4.png','59e0b34ba23dd_sgbr1minkqitubgkipv4.png','53.66','.png','','2017-10-13 12:37:09'),(11,3,91,'Image','T1IALgBXAv1RXrhCrK.jpg','59e0b34ba25de_T1IALgBXAv1RXrhCrK.jpg','117.89','.jpg','','2017-10-13 12:37:09'),(12,4,91,'Image','1200px-Apple_logo_black.svg.png','59e0b57097d40_1200px-Apple_logo_black_svg.png','20.4','.png','','2017-10-13 12:45:51'),(13,4,91,'Image','AppleLogoProducts.png','59e0b57097fba_AppleLogoProducts.png','699.02','.png','','2017-10-13 12:45:51'),(14,4,91,'Image','iPhone-7-840x420.jpg','59e0b57098675_iPhone-7-840x420.jpg','36.29','.jpg','','2017-10-13 12:45:51'),(15,39,1,'Video','testing123333.mp4','59e58cd225e6d_testing123333.mp4','5130.74','.mp4','','2017-10-17 04:56:41'),(16,39,1,'Image','test2222.jpg','59e58cf6b6ca2_test2222.jpg','11.22','.jpg','','2017-10-17 04:56:41'),(17,39,1,'Image','test111.jpg','59e58cf6b6f0e_test111.jpg','8.05','.jpg','','2017-10-17 04:56:41'),(18,39,1,'Video','testing1.mp4','59e58d0f4c6d0_testing1.mp4','5120.36','.mp4','','2017-10-17 04:56:41'),(19,45,1,'Image','DMBCRYHV4AA9lOW.jpg','59e5db22805ce_DMBCRYHV4AA9lOW.jpg','197.57','.jpg','','2017-10-17 10:30:07'),(20,45,1,'Image','ola-booking.png','59e5db22809ff_ola-booking.png','74.99','.png','','2017-10-17 10:30:07'),(21,45,1,'Image','ola-kBOH--621x414@LiveMint.jpg','59e5db2280cdd_ola-kBOH--621x414@LiveMint.jpg','53.36','.jpg','','2017-10-17 10:30:07'),(22,45,1,'Video','birds.mp4','59e5db81e2256_birds.mp4','1536.61','.mp4','','2017-10-17 10:30:07'),(23,50,1,'Image','Screen','59ec621fe8418_Screen_Shot_2017-10-19_at_11_08_00.png','748.83','.png','','2017-10-22 09:18:49'),(24,50,1,'Image','Screen','59ec621fe8418_Screen_Shot_2017-10-19_at_11_08_00.png','748.83','.png','','2017-10-22 09:19:43'),(25,55,1,'Image','download.jpg','59edb78975fa2_download.jpg','6.32','.jpg','','2017-10-23 09:34:33'),(26,55,1,'Image','v5555.jpg','59edb7944739a_v5555.jpg','7.55','.jpg','','2017-10-23 09:34:33'),(27,55,1,'Image','download.jpg','59edb78975fa2_download.jpg','6.32','.jpg','','2017-10-23 09:50:04'),(28,55,1,'Image','v5555.jpg','59edb7944739a_v5555.jpg','7.55','.jpg','','2017-10-23 09:50:04'),(29,57,1,'Image','878e52d0601aef8909cd7470bd7e3119--anemone-flower-white-anemone.jpg','59ef15ca0dd9a_878e52d0601aef8909cd7470bd7e3119--anemone-flower-white-anemone.jpg','33.51','.jpg','','2017-10-24 10:28:55'),(30,57,1,'Image','141001144835-innovative-cities-philly-1024x576.jpg','59ef15d880ba3_141001144835-innovative-cities-philly-1024x576.jpg','220.62','.jpg','','2017-10-24 10:28:55'),(31,57,1,'Image','878e52d0601aef8909cd7470bd7e3119--anemone-flower-white-anemone.jpg','59ef15ca0dd9a_878e52d0601aef8909cd7470bd7e3119--anemone-flower-white-anemone.jpg','33.51','.jpg','','2017-10-24 10:28:55'),(32,57,1,'Image','141001144835-innovative-cities-philly-1024x576.jpg','59ef15d880ba3_141001144835-innovative-cities-philly-1024x576.jpg','220.62','.jpg','','2017-10-24 10:28:55'),(34,72,89,'Image','image.jpg','59f6d7490acc0_image.jpg','13','.jpg','','2017-10-30 07:40:40'),(35,72,89,'Image','download.jpg','59f6d75b260c7_download.jpg','6.32','.jpg','','2017-10-30 07:40:40'),(36,72,89,'Video','tester-1mb.mp4','59f6d761cb503_tester-1mb.mp4','1032.37','.mp4','','2017-10-30 07:40:40'),(37,73,89,'Image','images.jpg','59f6dedc2cf4e_images.jpg','12.27','.jpg','','2017-10-30 08:12:35'),(38,73,89,'Video','tester-1mb.mp4','59f6dee330aeb_tester-1mb.mp4','1032.37','.mp4','','2017-10-30 08:12:35'),(39,145,1,'Image','1a.jpg','59f96fbf99eac_1a.jpg','84.06','.jpg','','2017-11-01 06:55:01'),(40,146,1,'Image','1a.jpg','59f96fd754e5b_1a.jpg','84.06','.jpg','','2017-11-01 06:55:24');
/*!40000 ALTER TABLE `dk_org_media` ENABLE KEYS */;
UNLOCK TABLES;

--
-- Table structure for table `dk_org_media_download`
--

DROP TABLE IF EXISTS `dk_org_media_download`;
/*!40101 SET @saved_cs_client     = @@character_set_client */;
/*!40101 SET character_set_client = utf8 */;
CREATE TABLE `dk_org_media_download` (
  `id` int(11) NOT NULL AUTO_INCREMENT,
  `deck_id` int(11) NOT NULL,
  `image_id` int(11) NOT NULL,
  `category` varchar(255) NOT NULL,
  `reg_ip` varchar(255) NOT NULL,
  `browser` varchar(255) NOT NULL,
  `download_date` datetime NOT NULL,
  PRIMARY KEY (`id`)
) ENGINE=InnoDB AUTO_INCREMENT=93 DEFAULT CHARSET=latin1;
/*!40101 SET character_set_client = @saved_cs_client */;

--
-- Dumping data for table `dk_org_media_download`
--

LOCK TABLES `dk_org_media_download` WRITE;
/*!40000 ALTER TABLE `dk_org_media_download` DISABLE KEYS */;
INSERT INTO `dk_org_media_download` VALUES (1,4,12,'','202.83.47.48','Mozilla/5.0 (X11; Linux x86_64) AppleWebKit/537.36 (KHTML, like Gecko) Chrome/58.0.3029.81 Safari/537.36','2017-10-14 08:04:38'),(2,4,12,'','202.83.47.48','Mozilla/5.0 (X11; Fedora; Linux x86_64; rv:38.0) Gecko/20100101 Firefox/38.0','2017-10-14 08:08:26'),(3,4,12,'','202.83.47.48','Mozilla/5.0 (X11; Fedora; Linux x86_64; rv:38.0) Gecko/20100101 Firefox/38.0','2017-10-14 08:09:29'),(4,4,13,'','202.83.47.48','Mozilla/5.0 (X11; Fedora; Linux x86_64; rv:38.0) Gecko/20100101 Firefox/38.0','2017-10-14 08:09:59'),(5,4,13,'','202.83.47.48','Mozilla/5.0 (X11; Fedora; Linux x86_64; rv:38.0) Gecko/20100101 Firefox/38.0','2017-10-14 08:10:36'),(6,4,12,'','202.83.47.48','Mozilla/5.0 (X11; Linux x86_64) AppleWebKit/537.36 (KHTML, like Gecko) Chrome/58.0.3029.81 Safari/537.36','2017-10-14 08:13:16'),(7,4,14,'','202.83.47.48','Mozilla/5.0 (X11; Fedora; Linux x86_64; rv:38.0) Gecko/20100101 Firefox/38.0','2017-10-14 08:13:38'),(8,4,14,'','202.83.47.48','Mozilla/5.0 (X11; Fedora; Linux x86_64; rv:38.0) Gecko/20100101 Firefox/38.0','2017-10-14 08:14:43'),(9,4,14,'','202.83.47.48','Mozilla/5.0 (X11; Fedora; Linux x86_64; rv:38.0) Gecko/20100101 Firefox/38.0','2017-10-14 08:14:55'),(10,4,14,'','202.83.47.48','Mozilla/5.0 (X11; Fedora; Linux x86_64; rv:38.0) Gecko/20100101 Firefox/38.0','2017-10-14 08:19:39'),(11,4,14,'','202.83.47.48','Mozilla/5.0 (X11; Fedora; Linux x86_64; rv:38.0) Gecko/20100101 Firefox/38.0','2017-10-14 08:21:57'),(12,4,14,'','202.83.47.48','Mozilla/5.0 (X11; Fedora; Linux x86_64; rv:38.0) Gecko/20100101 Firefox/38.0','2017-10-14 08:22:36'),(13,4,13,'','202.83.47.48','Mozilla/5.0 (X11; Fedora; Linux x86_64; rv:38.0) Gecko/20100101 Firefox/38.0','2017-10-14 08:23:18'),(14,4,14,'','202.83.47.48','Mozilla/5.0 (X11; Fedora; Linux x86_64; rv:38.0) Gecko/20100101 Firefox/38.0','2017-10-14 08:27:06'),(15,4,14,'','202.83.47.48','Mozilla/5.0 (X11; Linux x86_64) AppleWebKit/537.36 (KHTML, like Gecko) Chrome/58.0.3029.81 Safari/537.36','2017-10-17 04:44:12'),(16,4,14,'','202.83.47.48','Mozilla/5.0 (X11; Linux x86_64) AppleWebKit/537.36 (KHTML, like Gecko) Chrome/58.0.3029.81 Safari/537.36','2017-10-17 04:54:46'),(17,39,16,'','113.193.253.114','Mozilla/5.0 (Windows NT 10.0; Win64; x64) AppleWebKit/537.36 (KHTML, like Gecko) Chrome/61.0.3163.100 Safari/537.36','2017-10-17 04:57:56'),(18,39,16,'','113.193.253.114','Mozilla/5.0 (Windows NT 10.0; Win64; x64) AppleWebKit/537.36 (KHTML, like Gecko) Chrome/61.0.3163.100 Safari/537.36','2017-10-17 04:58:06'),(19,39,17,'','113.193.253.114','Mozilla/5.0 (Windows NT 10.0; Win64; x64) AppleWebKit/537.36 (KHTML, like Gecko) Chrome/61.0.3163.100 Safari/537.36','2017-10-17 04:58:26'),(20,39,17,'','113.193.253.114','Mozilla/5.0 (Windows NT 10.0; Win64; x64) AppleWebKit/537.36 (KHTML, like Gecko) Chrome/61.0.3163.100 Safari/537.36','2017-10-17 04:58:31'),(21,4,14,'','113.193.253.114','Mozilla/5.0 (X11; Linux x86_64) AppleWebKit/537.36 (KHTML, like Gecko) Chrome/60.0.3112.113 Safari/537.36','2017-10-17 05:02:28'),(22,4,14,'','113.193.253.114','Mozilla/5.0 (X11; Linux x86_64) AppleWebKit/537.36 (KHTML, like Gecko) Chrome/60.0.3112.113 Safari/537.36','2017-10-17 05:12:04'),(23,39,18,'','113.193.253.114','Mozilla/5.0 (Windows NT 10.0; Win64; x64) AppleWebKit/537.36 (KHTML, like Gecko) Chrome/61.0.3163.100 Safari/537.36','2017-10-17 05:18:56'),(24,39,18,'','202.83.47.48','Mozilla/5.0 (X11; Linux x86_64) AppleWebKit/537.36 (KHTML, like Gecko) Chrome/58.0.3029.81 Safari/537.36','2017-10-17 05:21:35'),(25,39,16,'','113.193.253.114','Mozilla/5.0 (Windows NT 10.0; Win64; x64) AppleWebKit/537.36 (KHTML, like Gecko) Chrome/61.0.3163.100 Safari/537.36','2017-10-17 05:25:48'),(26,4,13,'','202.83.47.48','Mozilla/5.0 (X11; Linux x86_64) AppleWebKit/537.36 (KHTML, like Gecko) Chrome/58.0.3029.81 Safari/537.36','2017-10-17 05:30:05'),(27,4,12,'','202.83.47.48','Mozilla/5.0 (X11; Linux x86_64) AppleWebKit/537.36 (KHTML, like Gecko) Chrome/58.0.3029.81 Safari/537.36','2017-10-17 05:30:10'),(28,4,12,'','202.83.47.48','Mozilla/5.0 (X11; Linux x86_64) AppleWebKit/537.36 (KHTML, like Gecko) Chrome/58.0.3029.81 Safari/537.36','2017-10-17 05:30:12'),(29,4,12,'','202.83.47.48','Mozilla/5.0 (X11; Linux x86_64) AppleWebKit/537.36 (KHTML, like Gecko) Chrome/58.0.3029.81 Safari/537.36','2017-10-17 05:30:22'),(30,4,12,'','202.83.47.48','Mozilla/5.0 (X11; Linux x86_64) AppleWebKit/537.36 (KHTML, like Gecko) Chrome/58.0.3029.81 Safari/537.36','2017-10-17 05:30:24'),(31,4,12,'','202.83.47.48','Mozilla/5.0 (X11; Fedora; Linux x86_64; rv:38.0) Gecko/20100101 Firefox/38.0','2017-10-17 05:32:02'),(32,4,12,'','202.83.47.48','Mozilla/5.0 (X11; Fedora; Linux x86_64; rv:38.0) Gecko/20100101 Firefox/38.0','2017-10-17 05:32:08'),(33,39,16,'','113.193.253.114','Mozilla/5.0 (Windows NT 10.0; Win64; x64) AppleWebKit/537.36 (KHTML, like Gecko) Chrome/61.0.3163.100 Safari/537.36','2017-10-17 05:37:26'),(34,4,12,'','202.83.47.48','Mozilla/5.0 (X11; Linux x86_64) AppleWebKit/537.36 (KHTML, like Gecko) Chrome/58.0.3029.81 Safari/537.36','2017-10-17 05:37:32'),(35,39,16,'','113.193.253.114','Mozilla/5.0 (Windows NT 10.0; Win64; x64) AppleWebKit/537.36 (KHTML, like Gecko) Chrome/61.0.3163.100 Safari/537.36','2017-10-17 05:37:52'),(36,4,12,'','202.83.47.48','Mozilla/5.0 (X11; Fedora; Linux x86_64; rv:38.0) Gecko/20100101 Firefox/38.0','2017-10-17 05:37:56'),(37,39,17,'','113.193.253.114','Mozilla/5.0 (Windows NT 10.0; Win64; x64) AppleWebKit/537.36 (KHTML, like Gecko) Chrome/61.0.3163.100 Safari/537.36','2017-10-17 05:38:02'),(38,4,12,'','202.83.47.48','Mozilla/5.0 (X11; Fedora; Linux x86_64; rv:38.0) Gecko/20100101 Firefox/38.0','2017-10-17 05:38:16'),(39,39,15,'','113.193.253.114','Mozilla/5.0 (Windows NT 10.0; Win64; x64) AppleWebKit/537.36 (KHTML, like Gecko) Chrome/61.0.3163.100 Safari/537.36','2017-10-17 05:39:02'),(40,39,16,'','113.193.253.114','Mozilla/5.0 (Windows NT 10.0; Win64; x64) AppleWebKit/537.36 (KHTML, like Gecko) Chrome/61.0.3163.100 Safari/537.36','2017-10-17 05:39:19'),(41,4,12,'','202.83.47.48','Mozilla/5.0 (X11; Fedora; Linux x86_64; rv:38.0) Gecko/20100101 Firefox/38.0','2017-10-17 05:43:20'),(42,4,12,'','202.83.47.48','Mozilla/5.0 (X11; Fedora; Linux x86_64; rv:38.0) Gecko/20100101 Firefox/38.0','2017-10-17 05:43:49'),(43,39,16,'','113.193.253.114','Mozilla/5.0 (Windows NT 10.0; Win64; x64) AppleWebKit/537.36 (KHTML, like Gecko) Chrome/61.0.3163.100 Safari/537.36','2017-10-17 05:44:11'),(44,4,13,'','202.83.47.48','Mozilla/5.0 (X11; Fedora; Linux x86_64; rv:38.0) Gecko/20100101 Firefox/38.0','2017-10-17 05:44:16'),(45,4,14,'','202.83.47.48','Mozilla/5.0 (X11; Fedora; Linux x86_64; rv:38.0) Gecko/20100101 Firefox/38.0','2017-10-17 05:45:28'),(46,4,13,'','202.83.47.48','Mozilla/5.0 (X11; Fedora; Linux x86_64; rv:38.0) Gecko/20100101 Firefox/38.0','2017-10-17 05:46:20'),(47,4,13,'','202.83.47.48','Mozilla/5.0 (X11; Fedora; Linux x86_64; rv:38.0) Gecko/20100101 Firefox/38.0','2017-10-17 05:46:38'),(48,3,1,'','','','2017-10-17 00:00:00'),(49,1,1,'','','','2017-10-17 00:00:00'),(50,39,16,'','113.193.253.114','Mozilla/5.0 (Windows NT 10.0; Win64; x64) AppleWebKit/537.36 (KHTML, like Gecko) Chrome/61.0.3163.100 Safari/537.36','2017-10-17 07:41:29'),(51,39,16,'','202.83.47.48','Mozilla/5.0 (X11; Fedora; Linux x86_64; rv:38.0) Gecko/20100101 Firefox/38.0','2017-10-17 07:42:49'),(52,39,17,'','202.83.47.48','Mozilla/5.0 (X11; Fedora; Linux x86_64; rv:38.0) Gecko/20100101 Firefox/38.0','2017-10-17 07:43:06'),(53,39,17,'','202.83.47.48','Mozilla/5.0 (X11; Fedora; Linux x86_64; rv:38.0) Gecko/20100101 Firefox/38.0','2017-10-17 07:43:24'),(54,39,16,'','113.193.253.114','Mozilla/5.0 (Windows NT 10.0; Win64; x64) AppleWebKit/537.36 (KHTML, like Gecko) Chrome/61.0.3163.100 Safari/537.36','2017-10-17 07:44:56'),(55,39,17,'','113.193.253.114','Mozilla/5.0 (Windows NT 10.0; Win64; x64) AppleWebKit/537.36 (KHTML, like Gecko) Chrome/61.0.3163.100 Safari/537.36','2017-10-17 07:47:33'),(56,39,16,'','113.193.253.114','Mozilla/5.0 (Windows NT 10.0; Win64; x64) AppleWebKit/537.36 (KHTML, like Gecko) Chrome/61.0.3163.100 Safari/537.36','2017-10-17 08:00:41'),(57,39,17,'','113.193.253.114','Mozilla/5.0 (Windows NT 10.0; Win64; x64) AppleWebKit/537.36 (KHTML, like Gecko) Chrome/61.0.3163.100 Safari/537.36','2017-10-17 08:01:11'),(58,39,15,'','113.193.253.114','Mozilla/5.0 (Windows NT 10.0; Win64; x64) AppleWebKit/537.36 (KHTML, like Gecko) Chrome/61.0.3163.100 Safari/537.36','2017-10-17 08:40:50'),(59,39,16,'','113.193.253.114','Mozilla/5.0 (Windows NT 10.0; Win64; x64) AppleWebKit/537.36 (KHTML, like Gecko) Chrome/61.0.3163.100 Safari/537.36','2017-10-17 08:41:29'),(60,39,18,'','113.193.253.114','Mozilla/5.0 (Windows NT 10.0; Win64; x64) AppleWebKit/537.36 (KHTML, like Gecko) Chrome/61.0.3163.100 Safari/537.36','2017-10-17 08:41:40'),(61,39,15,'','113.193.253.114','Mozilla/5.0 (Windows NT 10.0; Win64; x64) AppleWebKit/537.36 (KHTML, like Gecko) Chrome/61.0.3163.100 Safari/537.36','2017-10-17 08:42:12'),(62,39,15,'','113.193.253.114','Mozilla/5.0 (Windows NT 10.0; Win64; x64) AppleWebKit/537.36 (KHTML, like Gecko) Chrome/61.0.3163.100 Safari/537.36','2017-10-17 08:42:49'),(63,39,15,'','113.193.253.114','Mozilla/5.0 (Windows NT 10.0; Win64; x64) AppleWebKit/537.36 (KHTML, like Gecko) Chrome/61.0.3163.100 Safari/537.36','2017-10-17 08:45:33'),(64,39,15,'','113.193.253.114','Mozilla/5.0 (Windows NT 10.0; Win64; x64) AppleWebKit/537.36 (KHTML, like Gecko) Chrome/61.0.3163.100 Safari/537.36','2017-10-17 08:46:33'),(65,39,17,'','113.193.253.114','Mozilla/5.0 (Windows NT 10.0; Win64; x64) AppleWebKit/537.36 (KHTML, like Gecko) Chrome/61.0.3163.100 Safari/537.36','2017-10-17 08:47:04'),(66,39,17,'','113.193.253.114','Mozilla/5.0 (Windows NT 10.0; Win64; x64) AppleWebKit/537.36 (KHTML, like Gecko) Chrome/61.0.3163.100 Safari/537.36','2017-10-17 08:47:12'),(67,39,16,'','113.193.253.114','Mozilla/5.0 (Windows NT 10.0; Win64; x64) AppleWebKit/537.36 (KHTML, like Gecko) Chrome/61.0.3163.100 Safari/537.36','2017-10-17 08:47:21'),(68,39,17,'','113.193.253.114','Mozilla/5.0 (Windows NT 10.0; Win64; x64) AppleWebKit/537.36 (KHTML, like Gecko) Chrome/61.0.3163.100 Safari/537.36','2017-10-17 08:47:26'),(69,39,15,'','113.193.253.114','Mozilla/5.0 (Windows NT 10.0; Win64; x64) AppleWebKit/537.36 (KHTML, like Gecko) Chrome/61.0.3163.100 Safari/537.36','2017-10-17 08:48:11'),(70,39,16,'','113.193.253.114','Mozilla/5.0 (Windows NT 10.0; Win64; x64) AppleWebKit/537.36 (KHTML, like Gecko) Chrome/61.0.3163.100 Safari/537.36','2017-10-17 08:50:49'),(71,39,15,'','122.166.96.24','Mozilla/5.0 (Windows NT 10.0; Win64; x64) AppleWebKit/537.36 (KHTML, like Gecko) Chrome/61.0.3163.100 Safari/537.36','2017-10-17 09:13:59'),(72,39,16,'','113.193.253.114','Mozilla/5.0 (Windows NT 10.0; Win64; x64) AppleWebKit/537.36 (KHTML, like Gecko) Chrome/61.0.3163.100 Safari/537.36','2017-10-17 09:37:49'),(73,39,15,'','122.165.119.14','Mozilla/5.0 (X11; Ubuntu; Linux x86_64; rv:49.0) Gecko/20100101 Firefox/49.0','2017-10-17 09:48:21'),(74,45,22,'','122.166.96.24','Mozilla/5.0 (Windows NT 10.0; Win64; x64) AppleWebKit/537.36 (KHTML, like Gecko) Chrome/61.0.3163.100 Safari/537.36','2017-10-17 10:43:57'),(75,45,19,'','122.166.96.24','Mozilla/5.0 (Windows NT 10.0; Win64; x64) AppleWebKit/537.36 (KHTML, like Gecko) Chrome/61.0.3163.100 Safari/537.36','2017-10-17 10:44:14'),(76,4,12,'','113.193.253.114','Mozilla/5.0 (Windows NT 10.0; Win64; x64) AppleWebKit/537.36 (KHTML, like Gecko) Chrome/61.0.3163.100 Safari/537.36','2017-10-19 04:12:49'),(77,1,1,'','113.193.253.114','Mozilla/5.0 (Windows NT 10.0; Win64; x64) AppleWebKit/537.36 (KHTML, like Gecko) Chrome/61.0.3163.100 Safari/537.36','2017-10-27 10:45:23'),(78,1,1,'','113.193.253.114','Mozilla/5.0 (Windows NT 10.0; Win64; x64) AppleWebKit/537.36 (KHTML, like Gecko) Chrome/61.0.3163.100 Safari/537.36','2017-10-27 10:46:40'),(79,1,1,'','113.193.253.114','Mozilla/5.0 (Windows NT 10.0; Win64; x64) AppleWebKit/537.36 (KHTML, like Gecko) Chrome/61.0.3163.100 Safari/537.36','2017-10-27 10:48:15'),(80,1,1,'','113.193.253.114','Mozilla/5.0 (Windows NT 10.0; Win64; x64) AppleWebKit/537.36 (KHTML, like Gecko) Chrome/61.0.3163.100 Safari/537.36','2017-10-27 10:48:57'),(81,73,4,'','113.193.253.114','Mozilla/5.0 (Windows NT 10.0; Win64; x64) AppleWebKit/537.36 (KHTML, like Gecko) Chrome/61.0.3163.100 Safari/537.36','2017-10-30 08:14:21'),(82,73,3,'','116.68.96.197','Mozilla/5.0 (Windows NT 10.0; Win64; x64) AppleWebKit/537.36 (KHTML, like Gecko) Chrome/61.0.3163.100 Safari/537.36','2017-10-30 08:31:26'),(83,73,4,'Doc','116.68.96.197','Mozilla/5.0 (Windows NT 10.0; Win64; x64) AppleWebKit/537.36 (KHTML, like Gecko) Chrome/61.0.3163.100 Safari/537.36','2017-10-30 08:57:53'),(84,73,3,'Doc','116.68.96.197','Mozilla/5.0 (Windows NT 10.0; Win64; x64) AppleWebKit/537.36 (KHTML, like Gecko) Chrome/61.0.3163.100 Safari/537.36','2017-10-30 08:58:33'),(85,73,3,'Doc','116.68.96.197','Mozilla/5.0 (Windows NT 10.0; Win64; x64) AppleWebKit/537.36 (KHTML, like Gecko) Chrome/61.0.3163.100 Safari/537.36','2017-10-30 08:58:48'),(86,73,5,'Doc','116.68.96.197','Mozilla/5.0 (Windows NT 10.0; Win64; x64) AppleWebKit/537.36 (KHTML, like Gecko) Chrome/61.0.3163.100 Safari/537.36','2017-10-30 08:59:51'),(87,73,5,'Doc','116.68.96.197','Mozilla/5.0 (Windows NT 10.0; Win64; x64) AppleWebKit/537.36 (KHTML, like Gecko) Chrome/61.0.3163.100 Safari/537.36','2017-10-30 08:59:54'),(88,73,4,'Doc','116.68.96.197','Mozilla/5.0 (Windows NT 10.0; Win64; x64) AppleWebKit/537.36 (KHTML, like Gecko) Chrome/61.0.3163.100 Safari/537.36','2017-10-30 09:50:54'),(89,73,3,'Doc','116.68.96.197','Mozilla/5.0 (Windows NT 10.0; Win64; x64) AppleWebKit/537.36 (KHTML, like Gecko) Chrome/61.0.3163.100 Safari/537.36','2017-10-30 09:51:04'),(90,73,3,'Doc','116.68.96.197','Mozilla/5.0 (Windows NT 10.0; Win64; x64) AppleWebKit/537.36 (KHTML, like Gecko) Chrome/61.0.3163.100 Safari/537.36','2017-10-30 09:51:06'),(91,73,3,'Doc','116.68.96.197','Mozilla/5.0 (Windows NT 10.0; Win64; x64) AppleWebKit/537.36 (KHTML, like Gecko) Chrome/61.0.3163.100 Safari/537.36','2017-10-30 09:51:07'),(92,73,3,'Doc','116.68.96.197','Mozilla/5.0 (Windows NT 10.0; Win64; x64) AppleWebKit/537.36 (KHTML, like Gecko) Chrome/61.0.3163.100 Safari/537.36','2017-10-30 09:51:22');
/*!40000 ALTER TABLE `dk_org_media_download` ENABLE KEYS */;
UNLOCK TABLES;

--
-- Table structure for table `dk_org_phase`
--

DROP TABLE IF EXISTS `dk_org_phase`;
/*!40101 SET @saved_cs_client     = @@character_set_client */;
/*!40101 SET character_set_client = utf8 */;
CREATE TABLE `dk_org_phase` (
  `id` int(11) NOT NULL AUTO_INCREMENT,
  `phase_name` varchar(255) NOT NULL,
  PRIMARY KEY (`id`)
) ENGINE=InnoDB AUTO_INCREMENT=8 DEFAULT CHARSET=latin1;
/*!40101 SET character_set_client = @saved_cs_client */;

--
-- Dumping data for table `dk_org_phase`
--

LOCK TABLES `dk_org_phase` WRITE;
/*!40000 ALTER TABLE `dk_org_phase` DISABLE KEYS */;
INSERT INTO `dk_org_phase` VALUES (1,'Seed'),(2,'Start-Up'),(3,'Growth'),(4,'Established'),(5,'Expansion'),(6,'Mature'),(7,'Exit');
/*!40000 ALTER TABLE `dk_org_phase` ENABLE KEYS */;
UNLOCK TABLES;

--
-- Table structure for table `dk_org_sector`
--

DROP TABLE IF EXISTS `dk_org_sector`;
/*!40101 SET @saved_cs_client     = @@character_set_client */;
/*!40101 SET character_set_client = utf8 */;
CREATE TABLE `dk_org_sector` (
  `id` int(11) NOT NULL AUTO_INCREMENT,
  `sector_name` varchar(255) NOT NULL,
  PRIMARY KEY (`id`)
) ENGINE=InnoDB AUTO_INCREMENT=36 DEFAULT CHARSET=latin1;
/*!40101 SET character_set_client = @saved_cs_client */;

--
-- Dumping data for table `dk_org_sector`
--

LOCK TABLES `dk_org_sector` WRITE;
/*!40000 ALTER TABLE `dk_org_sector` DISABLE KEYS */;
INSERT INTO `dk_org_sector` VALUES (1,'Aeronautics and Defence'),(2,'Alternative Investment Instruments'),(3,'Automotive and Parts'),(4,'Banking'),(5,'Beverages'),(6,'Building and Materials'),(7,'Commercial Transportation'),(8,'Domestic Goods'),(9,'Electricity Generation and Distribution'),(10,'Electronic & Electrical Equipment'),(11,'Engineering Products'),(12,'Financials'),(13,'Food Products'),(14,'Forestry & Paper'),(15,'Fossil Fuels and Distribution'),(16,'Health Care and Related Services'),(17,'Household Utilities'),(18,'Industrial Chemicals'),(19,'Industrials'),(20,'Insurance'),(21,'Investment Companies'),(22,'IT Hardware'),(23,'IT Services'),(24,'Leisure Products'),(25,'Media'),(26,'Medicine and Biotech Research'),(27,'Metals'),(28,'Mining'),(29,'Personal Goods'),(30,'Property'),(31,'Retailers'),(32,'Support'),(33,'Telecommunications'),(34,'Tobacco'),(35,'Tourism and LeisureAeronautics and Defence');
/*!40000 ALTER TABLE `dk_org_sector` ENABLE KEYS */;
UNLOCK TABLES;

--
-- Table structure for table `dk_organisation`
--

DROP TABLE IF EXISTS `dk_organisation`;
/*!40101 SET @saved_cs_client     = @@character_set_client */;
/*!40101 SET character_set_client = utf8 */;
CREATE TABLE `dk_organisation` (
  `id` int(11) NOT NULL AUTO_INCREMENT,
  `user_id` int(11) NOT NULL,
  `unique_id` varchar(255) NOT NULL,
  `org_name` varchar(255) NOT NULL,
  `org_desc` varchar(255) NOT NULL,
  `location` varchar(255) NOT NULL,
  `org_phase` varchar(255) NOT NULL,
  `org_sector` varchar(255) NOT NULL,
  `cover_photo` varchar(255) NOT NULL,
  `cover_high_res` varchar(255) NOT NULL,
  `logo` varchar(255) NOT NULL,
  `website` varchar(255) NOT NULL,
  `linkedin_page` varchar(255) NOT NULL,
  `twitter_page` varchar(255) NOT NULL,
  `link_organisation` varchar(255) NOT NULL,
  `fund_currency` varchar(255) NOT NULL,
  `pre_commited_type` varchar(255) NOT NULL,
  `investment_sought` varchar(255) NOT NULL,
  `equity` varchar(255) NOT NULL,
  `valuation` varchar(255) NOT NULL,
  `pre_commited_money` varchar(255) NOT NULL,
  `org_registered` enum('Yes','No') NOT NULL DEFAULT 'Yes',
  `org_generated_revenue` enum('Yes','No') NOT NULL DEFAULT 'Yes',
  `reg_num_country` varchar(255) NOT NULL,
  `org_reg_number` varchar(255) NOT NULL,
  `revenue_currency` varchar(255) NOT NULL,
  `estimated_sequence` varchar(255) NOT NULL,
  `previous_funding` varchar(255) NOT NULL,
  `what_we_do` varchar(255) NOT NULL,
  `competitors` text NOT NULL,
  `problem1` text NOT NULL,
  `problem2` text NOT NULL,
  `problem3` text NOT NULL,
  `business_model` varchar(255) NOT NULL,
  `advantage` varchar(255) NOT NULL,
  `shared` enum('Yes','No') NOT NULL DEFAULT 'No',
  `active` enum('Yes','No') NOT NULL DEFAULT 'Yes',
  `share_password` varchar(255) NOT NULL,
  `share_link` varchar(255) NOT NULL,
  `interest_count` int(11) NOT NULL,
  `view_count` int(11) NOT NULL,
  `download_count` int(11) NOT NULL,
  `print_count` int(11) NOT NULL,
  `created_user` varchar(255) NOT NULL,
  `created_time` datetime NOT NULL,
  `modified_user` varchar(255) NOT NULL,
  `modified_date` datetime NOT NULL,
  PRIMARY KEY (`id`)
) ENGINE=InnoDB AUTO_INCREMENT=153 DEFAULT CHARSET=latin1;
/*!40101 SET character_set_client = @saved_cs_client */;

--
-- Dumping data for table `dk_organisation`
--

LOCK TABLES `dk_organisation` WRITE;
/*!40000 ALTER TABLE `dk_organisation` DISABLE KEYS */;
INSERT INTO `dk_organisation` VALUES (1,89,'D-201710131729','Uber','Uber is evolving the way the world moves','San Francisco, California, United States','4','3','59e0aa6824dac_uber-everywhere.png','','59e0aa6824d01_eee4qfnl0fj0a08sjkq0.png','www.uber.com','www.linkedin.com/company/1815218','twitter.com/uber','www.facebook.com/uber','£','$','120,000','20','480,000','35,000','Yes','Yes','UK','156000','£','25,000','Yes','By seamlessly connecting riders to drivers through our apps, they make cities more accessible','Ola','opening up more possibilities for riders and more business for drivers','Uber\'s rapidly expanding global presence to bring people&cities closer','Meru cabs service alleges market disruption by Ola, Uber in 4 cities','Stand with LGBT community & support protections ensuring no one is discriminated against for who they are','Uber is evolving the way the world moves','Yes','Yes','97df6f7','http://deck.labsls.com/index.php/Organisation/listdeck/MQ==/c2hhcmU=',1,3,1,0,'','2017-10-13 11:59:31','','2017-10-13 11:59:31'),(2,89,'D-201710131746','Flipkart','Flipkart is an online shopping destinationfhgjghjh','Bangalore, Karnataka, India','2','13','59e0ae4800c21_asya-milyar-dolar-unicorn-cin-girisim-3.jpg','','59e0ae4800b76_zzchualypsgf3ludvtca.png',' www.flipkart.com','www.linkedin.com/company-beta/321062','twitter.com/flipkart','www.facebook.com/flipkart','£','$','12,0000','30','28,000','25,000','Yes','Yes','UK','2121213','£','120,000','Yes','Flipkart\'s technology has enabled them to deliver 5 million shipments per month.','FDhsghs','Flipkart acquired F1 Info Solutions Services for an undisclosed amount','Flipkart raised ?10,000,000,000 / Debt Financing from Axis Bank','SoftBank’s Vision Fund backs Flipkart in record India tech investment',' Flipkart offers over 20 million products across 70+ categories.','Flipkart is an online shopping destination for India founded in 2007 ','Yes','Yes','e98d9ca','http://deck.labsls.com/index.php/Organisation/listdeck/Mg==/c2hhcmU=',14,17,0,2,'','2017-10-13 12:16:11','','2017-10-13 12:16:11'),(3,91,'D-201710131757','Xiaomi','Xiaomi manufactures and distributes mobile phones','Beijing, China','4','7','59e0b0f818a54_mediac6.jpg','','59e0b0f8189a6_svnanxkx25pojujc9jmg.png',' www.mi.com/en/','www.linkedin.com/company/xiaomi-technology','twitter.com/xiaomi','www.facebook.com/xiaomiglobal/','$','£','150,000','30','350,000','160,000','Yes','Yes','UK','32222','$','25,000','Yes','Xiaomi targets the lower-middle market and has gained a loyal fan base','Apple,Lenovo','Xiaomi partners up with Big Bazaar to offer Redmi 4, Redmi Note 4 ','— Xiaomi\'s latest USB Type-C earphones feature Hi-Res audio',' The stunning Xiaomi Mi MIX 2 launched in India, priced at Rs 35,999','Incorporating user feedback into the design of its latest sets and Android skins','Offers internet value-added products including TV boxes','Yes','Yes','9bf6c11','http://deck.labsls.com/index.php/Organisation/listdeck/3/share',0,0,0,0,'','2017-10-13 12:27:20','','2017-10-13 12:27:20'),(4,91,'D-201710131809','Apple','Apple is designs manufactures mobile communication','California, United States','5','8','59e0b3c6f2530_22-4.jpg','','59e0b3c6f2480_1200px-Apple_logo_black.svg.png',' www.apple.com','www.linkedin.com/company/apple','twitter.com/AppleSupport','www.facebook.com/pg/india.apple','£','£','15,000','25','45,000','3,600','Yes','Yes','UK','15000','£','36,562','Yes','Apple is a multinational corporation that designs, manufactures','Blackberry','iPhone 11, Apple Watch 4 To Have Face ID: Reports','Apple allowed to put up bit barn in the Fields of Athenry',' Absolute Best Apple Watch Series 3 Bands','It sells its products worldwide through its retail stores, online stores, direct sales force','Apple provides many products and services','Yes','Yes','12345678','http://deck.labsls.com/index.php/Organisation/listdeck/4/share',0,2,0,0,'','2017-10-13 12:39:17','','2017-10-13 12:39:17'),(45,1,'D-201710171545','Ola','Ola is a mobile app for cab booking in India.','Bengaluru, Karnataka, India','2','4','59e5d72b0cd36_fde2ec1881e0a056c8470e24863a54fe.png','','59e5d72b0cc86_xx0u5xwwzygivm67ogsk.jpg','www.olacabs.com','www.linkedin.com/company/olacabs-com','twitter.com/olacabs','www.facebook.com/olacabs','£','$','1,000,000','20','4,000,000','300,000','Yes','Yes','UK','252222','£','250,000','Yes','Mobile application for booking your cab, changing the way you travel in your city, forever!','Uber','Booking a cab for a customer and connecting to a customer for a driver','By not owning a single cab,we foster entrepreneurship at driver level',' Transportation as a Service on Indian roads!','Making it possible for lakhs of our users to never have to own a car','Booking your cab, changing the way you travel in your city, forever!','Yes','Yes','13b5b8c','http://deck.labsls.com/index.php/Organisation/listdeck/45/share',0,0,0,0,'','2017-10-17 10:15:51','','2017-10-17 10:15:51'),(46,1,'D-201710191136','tester','tester','','0','0','','','','','','','','£','£','','','','','Yes','Yes','UK','','£','','Yes','','','','','','','','No','No','','',0,0,0,0,'','2017-10-19 06:06:46','','2017-10-19 06:06:46'),(47,1,'D-201710201750','cb','vb','','','','','','','','','','','','','','','','','Yes','Yes','','','','','','','','','','','','','No','No','','',0,0,0,0,'','2017-10-20 12:20:21','','2017-10-20 12:20:21'),(48,1,'D-201710201855','Zomato','Restaurant listing and rating','Gurgaon, Delhi, India','3','13','59e9f90159fbc_Maps-icon.png','','59e9f90159f1a_1456222922Google-Maps-New-Icon.png','www.zomato.com','https://www.linkedin.com/company/422813/','https://twitter.com/zomato?lang=en','','£','£','300,000','10','2,700,000','100,000','Yes','Yes','IN','CINED1234','$','20,000','Yes','Eating out directory ','Yelp','Rating','Discovery','User generated reviews','Referrals','User base','No','Yes','','',0,0,0,0,'','2017-10-20 13:25:10','','2017-10-20 13:25:10'),(49,1,'D-201710221436','Willex Co','Loads of Tech','','','','','','','','','','','','','','','','','Yes','Yes','','','','','','','','','','','','','No','Yes','','',0,0,0,0,'','2017-10-22 09:06:34','','2017-10-22 09:06:34'),(50,1,'D-201710221436','Willex Co','Loads of Tech','London','2','12','59ec5eebc1700_Screen Shot 2017-10-17 at 15.27.08.png','','59ec5eebc165a_Tube Map.gif','www.bbc.co.uk','','','','£','£','200,000','20','800,000','100,000','Yes','Yes','UK','01234567','£','150,000','Yes','Help people make better things','Dev agencies and product firms','We\'re nimble ','We\'re cheap','We\'re quick','Charges clients a fee','We\'re cheap','Yes','Yes','5dc7d7a','http://deck.labsls.com/index.php/Organisation/listdeck/50/share',0,0,0,0,'','2017-10-22 09:06:38','','2017-10-22 09:06:38'),(53,1,'D-201710231433','Amazon','Bezos incorporated the company as Cadabra, Inc','Washington ','3','1','','','','test','test','test','test','£','£','','12','902','122','Yes','Yes','UK','12','£','12','Yes','121','1212','test','test','test','test','test','Yes','Yes','99fa061','http://deck.labsls.com/index.php/Organisation/listdeck/53/share',0,18,0,0,'','2017-10-23 14:33:45','','2017-10-23 14:42:22'),(54,1,'D-201710231455','yh','y','','','','','','','','','','','','','','','','','Yes','Yes','','','','','','','','','','','','','No','No','','',0,0,0,0,'','2017-10-23 14:55:29','','2017-10-23 14:55:29'),(55,1,'D-201710231502','DELL','Dell service and support brands','COCHIN','4','3','','','','','','','','£','£','','','','','Yes','Yes','UK','','£','','Yes','','','','','','','','No','Yes','','',0,0,0,0,'','2017-10-23 15:02:50','','2017-10-23 15:03:41'),(56,1,'D-201710241444','newdeck','test','','0','0','','','','','','','','','','','','','','Yes','Yes','','','','','','','','','','','','','No','No','','',0,0,0,0,'','2017-10-24 14:44:16','','2017-10-24 14:44:25'),(57,89,'D-201710241525','Myntra12\n\n\n\n','shopping site12\n\n\n\n','Testdata','1','1','59ef0df0ad076_12city15.jpg','','59ef0df0acfba_385.jpg','www.myntra.com','ww','ww','ww','£','£','25,000','52','23,076','5,656','Yes','Yes','UK','123121','£','4,546','Yes','','twssss','tttt','ggggg','fffff','','ddddd','Yes','No','4391a7f','http://deck.labsls.com/index.php/Organisation/listdeck/NTc=/c2hhcmU=',0,3,0,0,'','2017-10-24 15:25:33','','2017-10-24 15:27:37'),(58,89,'D-201710241525','Myntra','shopping site','chennai','3','10','59ef0df0ad076_12city15.jpg','','59ef0df0acfba_385.jpg','www.myntra.com','ww','ww','ww','£','£','25,000','52','23,076','5,656','Yes','Yes','UK','123121','£','4,546','Yes','test','twssss','tttt','ggggg','fffff','sssss','ddddd','No','No','','',0,0,0,0,'','2017-10-24 15:25:33','','2017-10-24 15:27:37'),(59,89,'D-201710241525','Myntra','shopping site','chennai','3','10','59ef0df0ad076_12city15.jpg','','59ef0df0acfba_385.jpg','www.myntra.com','ww','ww','ww','£','£','25,000','52','23,076','5,656','Yes','Yes','UK','123121','£','4,546','Yes','test','twssss','tttt','ggggg','fffff','sssss','ddddd','No','No','','',0,0,0,0,'','2017-10-24 15:25:33','','2017-10-24 15:27:37'),(60,89,'D-201710241525','Myntra','shopping site','Testdata','3','10','59ef0df0ad076_12city15.jpg','','59ef0df0acfba_385.jpg','www.myntra.com','ww','ww','ww','£','£','25,000','52','23,076','5,656','Yes','Yes','UK','123121','£','4,546','Yes','hhjhhkjhkjhkjh','twssss','tttt','ggggg','fffff','sssss','ddddd','No','No','','',0,0,0,0,'','2017-10-24 15:25:33','','2017-10-24 15:27:37'),(61,89,'D-201710251250','test','testetet','','','','','','','','','','','','','','','','','Yes','Yes','','','','','','','','','','','','','No','No','','',0,0,0,0,'','2017-10-25 12:50:50','','2017-10-25 12:50:50'),(62,89,'D-201710251251','test','testete','','','','','','','','','','','','','','','','','Yes','Yes','','','','','','','','','','','','','No','No','','',0,0,0,0,'','2017-10-25 12:51:09','','2017-10-25 12:51:09'),(63,1,'D-201710251251','trt','trtrtrt','','','','','','','','','','','','','','','','','Yes','Yes','','','','','','','','','','','','','No','No','','',0,0,0,0,'','2017-10-25 12:51:34','','2017-10-25 12:51:34'),(64,1,'D-201710251253','test','testet','ettttttttttttt','0','0','','','','','','','','','','','1221212','','','Yes','Yes','','','','','','','','','','','','','No','No','','',0,0,0,0,'','2017-10-25 12:53:26','','2017-10-25 12:53:45'),(65,1,'D-201710251622','gg','tt','','','','','','','','','','','','','','','','','Yes','Yes','','','','','','','','','','','','','No','No','','',0,0,0,0,'','2017-10-25 16:22:21','','2017-10-25 16:22:21'),(66,1,'D-201710251728','sdasd','ssadasd','','0','0','','','','','','','','£','£','','','','','Yes','Yes','UK','','£','','','','','','','','','','No','No','','',0,0,0,0,'','2017-10-25 17:28:46','','2017-10-25 17:29:04'),(67,1,'D-201710251730','ssd','asdas','','','','','','','','','','','','','','','','','Yes','Yes','','','','','','','','','','','','','No','No','','',0,0,0,0,'','2017-10-25 17:30:17','','2017-10-25 17:30:17'),(68,1,'D-201710251730','dasda','dasdas','SDSD','0','0','','','','','','','','£','£','','','','','Yes','Yes','UK','','£','','Yes','','','','','','','','No','No','','',0,0,0,0,'','2017-10-25 17:30:22','','2017-10-25 17:30:26'),(69,1,'D-201710251755','gfgfgfg','fgfg','','0','0','','','','','','','','','','','','','','Yes','Yes','','','','','','','','','','','','','No','No','','',0,0,0,0,'','2017-10-25 17:55:04','','2017-10-25 17:55:07'),(70,1,'D-201710251755','Test deck by dhanya','test','kochi','0','0','','','','','','','','','','','','','','Yes','Yes','','','','','','','','','','','','','No','No','','',0,0,0,0,'','2017-10-25 17:55:51','','2017-10-25 17:55:59'),(72,89,'D-201710301309','tester','tester','tester','0','0','','','','','','','','£','£','','','','','Yes','Yes','UK','','£','','Yes','','','tester','tester','tester','tester','tester','No','No','','',0,0,0,0,'','2017-10-30 13:09:22','','2017-10-30 13:09:38'),(73,89,'D-201710301341','testing','testing','','0','0','','','','','','','','£','£','','','','','Yes','Yes','UK','','£','','Yes','testing','testing','testing','testing','testing','','','Yes','No','d4188a6','http://deck.labsls.com/index.php/Organisation/listdeck/NzM=/c2hhcmU=',13,17,2,0,'','2017-10-30 13:41:42','','2017-10-30 13:42:02'),(74,1,'D-201710301511','tst','','','','','','','','','','','','','','','','','','Yes','Yes','','','','','','','','','','','','','No','Yes','','',0,0,0,0,'','0000-00-00 00:00:00','','0000-00-00 00:00:00'),(77,1,'D-201710301511','Timekids','','','','','','','','','','','','','','','','','','Yes','Yes','','','','','','','','','','','','','No','Yes','','',0,0,0,0,'','0000-00-00 00:00:00','','0000-00-00 00:00:00'),(78,1,'D-201710301513','test','','','','','','','','','','','','','','','','','','Yes','Yes','','','','','','','','','','','','','No','Yes','','',0,0,0,0,'','0000-00-00 00:00:00','','0000-00-00 00:00:00'),(79,1,'D-201710301522','test','','','1','1','59f6f7523327e_1222122.jpg','','59f6f7523333e_12.jpg','','','','','','','','','','','Yes','Yes','','','','','','','','','','','','','No','Yes','','',0,0,0,0,'','0000-00-00 00:00:00','','0000-00-00 00:00:00'),(80,1,'D-201710301610','testing','testing','','2','1','','','','','','','','','','testing','','testing','testing','Yes','Yes','','','','','','','','','','','','','No','Yes','','',0,0,0,0,'','0000-00-00 00:00:00','','0000-00-00 00:00:00'),(81,89,'D-201710310825','Testing Deck by dhanya','','','6','','59f7e6359c351_bg-header-1.jpg','','59f7e6359c40f_vignets1.jpg','','','','','','','','','','','Yes','Yes','','','','','','','','','','','','','Yes','Yes','930377f','http://deck.labsls.com/index.php/Organisation/listdeck/ODE=/c2hhcmU=',1,6,0,0,'','0000-00-00 00:00:00','','0000-00-00 00:00:00'),(82,89,'D-201710310922','minu','','','2','6','','','','','','','','','','test data','','','','Yes','Yes','','','','','','','','','','','','','No','No','','',0,0,0,0,'','0000-00-00 00:00:00','','0000-00-00 00:00:00'),(83,1,'D-201710310927','test','','','','','','','','','','','','','','','','','','Yes','Yes','','','','','','','','','','','','','No','Yes','','',0,0,0,0,'','0000-00-00 00:00:00','','0000-00-00 00:00:00'),(84,89,'D-201710310939','minu','test','kochi','5','4','','','','','','','','','','','','','','Yes','Yes','','','','','','','','','','','','','No','No','','',0,0,0,0,'','0000-00-00 00:00:00','','0000-00-00 00:00:00'),(85,89,'D-201710310951','test min','testing','kochi','2','1','59f7fb8b458f1_59c4c3a91eb04_wipro1.jpg','','59f7fb8b45997_490x240.png','','','','','','','2500','6','6300','25200','Yes','Yes','','','','1000','','test','trrr','jjj','uuu','iii','tttt','ccc','No','Yes','','',0,5,0,0,'','0000-00-00 00:00:00','','0000-00-00 00:00:00'),(86,1,'D-201710311031','Test','','','','','','','','','','','','','','','','','','Yes','Yes','','','','','','','','','','','','','No','Yes','','',0,0,0,0,'','0000-00-00 00:00:00','','0000-00-00 00:00:00'),(87,1,'D-201710311033','test','','','','','','','','','','','','','','','','','','Yes','Yes','','','','','','','','','','','','','No','Yes','','',0,0,0,0,'','0000-00-00 00:00:00','','0000-00-00 00:00:00'),(88,1,'D-201710311033','test','','','','','','','','','','','','','','','','','','Yes','Yes','','','','','','','','','','','','','No','Yes','','',0,0,0,0,'','0000-00-00 00:00:00','','0000-00-00 00:00:00'),(89,1,'D-201710311034','test','','','','','','','','','','','','','','','','','','Yes','Yes','','','','','','','','','','','','','No','Yes','','',0,0,0,0,'','0000-00-00 00:00:00','','0000-00-00 00:00:00'),(90,89,'D-201710311041','test','','','','','','','','','','','','','','','','','','Yes','Yes','','','','','','','','','','','','','No','No','','',0,2,0,0,'','0000-00-00 00:00:00','','0000-00-00 00:00:00'),(91,1,'D-201710311127','test','','','2','4','','','','','','','','','','','','','','Yes','Yes','','','','','','','','','','','','','No','Yes','','',0,0,0,0,'','0000-00-00 00:00:00','','0000-00-00 00:00:00'),(92,1,'D-201710311132','test','','','','','','','','','','','','','','','','','','Yes','Yes','','','','','','','','','','','','','No','Yes','','',0,0,0,0,'','0000-00-00 00:00:00','','0000-00-00 00:00:00'),(93,1,'D-201710311151','sdfgsdfg','','','3','','','','','','','','','','','','','','','Yes','Yes','','','','','','','','','','','','','No','Yes','','',0,0,0,0,'','0000-00-00 00:00:00','','0000-00-00 00:00:00'),(94,1,'D-201710311203','test','','','4','4','','','','','','','','','','','','','','Yes','Yes','','','','','','','','','','','','','No','Yes','','',0,0,0,0,'','0000-00-00 00:00:00','','0000-00-00 00:00:00'),(95,1,'D-201710311301','sdfgsdfg','','','','','','','','','','','','','','','','','','Yes','Yes','','','','','','','','','','','','','No','Yes','','',0,0,0,0,'','0000-00-00 00:00:00','','0000-00-00 00:00:00'),(96,89,'D-201710311316','testt','testing','kochi','1','7','59f82a6189ee7_59c4bfb545311_ls123.jpg','','59f82a6189f8f_Amazon-Favicon-64x64.png','','','','','','','','','','','Yes','Yes','','','','','','','','','','','','','No','No','','',0,5,0,0,'','0000-00-00 00:00:00','','0000-00-00 00:00:00'),(97,1,'D-201710311332','test','','','','','','','','','','','','','','','','','','Yes','Yes','','','','','','','','','','','','','No','Yes','','',0,0,0,0,'','0000-00-00 00:00:00','','0000-00-00 00:00:00'),(98,1,'D-201710311454','Labour India','','','1','','','','','','','','','','','','','','','Yes','Yes','','','','','','','','','','','','','No','Yes','','',0,0,0,0,'','0000-00-00 00:00:00','','0000-00-00 00:00:00'),(99,89,'D-201710311500','Apple','','','','','','','','','','','','','','','','','','Yes','Yes','','','','','','','','','','','','','No','No','','',0,0,0,0,'','0000-00-00 00:00:00','','0000-00-00 00:00:00'),(100,89,'D-201710311532','tessst','','Delhi','4','7','59f84a1c06a37_iPhone-7-840x420.jpg','','59f84a1c06ae4_1200px-Apple_logo_black.svg.png','','','','','','','12000','25','25000','30000','Yes','Yes','','','','21000','','testing','','prob1','prob2','prob3','test','test','No','Yes','','',0,3,0,0,'','0000-00-00 00:00:00','','0000-00-00 00:00:00'),(101,89,'D-201710311554','tttt','','','','','','','','','','','','','','','','','','Yes','Yes','','','','','','','','','','','','','No','Yes','','',0,0,0,0,'','0000-00-00 00:00:00','','0000-00-00 00:00:00'),(102,89,'D-201710311603','ttr','','','','','','','','','','','','','','','','','','Yes','Yes','','','','','','','','','','','','','No','Yes','','',0,0,0,0,'','0000-00-00 00:00:00','','0000-00-00 00:00:00'),(103,89,'D-201710311607','cfc','','','','','','','','','','','','','','','','','','Yes','Yes','','','','','','','','','','','','','No','Yes','','',0,0,0,0,'','0000-00-00 00:00:00','','0000-00-00 00:00:00'),(104,89,'D-201710311608','ddd','','kochi','1','','','','','','','','','','','','','','','Yes','Yes','','','','','','','','','','','','','No','Yes','','',0,0,0,0,'','0000-00-00 00:00:00','','0000-00-00 00:00:00'),(105,1,'D-201710311613','Duster','tester','','3','1','59f85519d9c9c_1c.jpg','','59f85519d9d5b_1a.jpg','','','','','','','12000','12','24000','25000','Yes','Yes','','','','24000','','test','test2','test3','test4','test5','test','test','No','Yes','','',0,0,0,0,'','0000-00-00 00:00:00','','0000-00-00 00:00:00'),(106,89,'D-201710311614','aaa','','','2','','','','','','','','','','','','','','','Yes','Yes','','','','','','','','','','','','','No','Yes','','',0,0,0,0,'','0000-00-00 00:00:00','','0000-00-00 00:00:00'),(107,89,'D-201710311615','eee','','','4','','','','','','','','','','','','','','','Yes','Yes','','','','','','','','','','','','','No','No','','',0,0,0,0,'','0000-00-00 00:00:00','','0000-00-00 00:00:00'),(108,89,'D-201710311618','fff','','','','','','','','','','','','','','','','','','Yes','Yes','','','','','','','','','','','','','No','Yes','','',0,0,0,0,'','0000-00-00 00:00:00','','0000-00-00 00:00:00'),(109,1,'D-201710311621','test','','','4','4','','','','','','','','','','','','','','Yes','Yes','','','','','','','','','','','','','No','Yes','','',0,0,0,0,'','0000-00-00 00:00:00','','0000-00-00 00:00:00'),(110,89,'D-201710311627','rrr','','','5','','','','','','','','','','','','','','','Yes','Yes','','','','','','','','','','','','','No','No','','',0,0,0,0,'','0000-00-00 00:00:00','','0000-00-00 00:00:00'),(111,1,'D-201710311635','test','','','','','','','','','','','','','','','','','','Yes','Yes','','','','','','','','','','','','','No','Yes','','',0,0,0,0,'','0000-00-00 00:00:00','','0000-00-00 00:00:00'),(112,89,'D-201710311641','minu test','','','','','','','','','','','','','','','','','','Yes','Yes','','','','','','','','','','','','','No','No','','',0,0,0,0,'','0000-00-00 00:00:00','','0000-00-00 00:00:00'),(113,89,'D-201710311642','test date','testing','kochi','5','1','','','','','','','','','','12000','20','2000','3000','Yes','Yes','','','','4500','','test','tt','p1','p2','p3','rr','ww','No','Yes','','',0,0,0,0,'','0000-00-00 00:00:00','','0000-00-00 00:00:00'),(114,1,'D-201710311648','Test','','','1','','','','','','','','','','','','','','','Yes','Yes','','','','','','','','','','','','','No','Yes','','',0,0,0,0,'','0000-00-00 00:00:00','','0000-00-00 00:00:00'),(115,89,'D-201710311708','eee','','','','','','','','','','','','','','','','','','Yes','Yes','','','','','','','','','','','','','No','Yes','','',0,0,0,0,'','2017-10-31 17:08:17','','2017-10-31 17:08:17'),(116,1,'D-201710311708','test','','','3','1','','','','','','','','','','','','','','Yes','Yes','','','','','','','','','','','','','No','Yes','','',0,0,0,0,'','2017-10-31 17:08:19','','2017-10-31 17:08:19'),(117,1,'D-201710311712','test','','','7','1','','','','','','','','','','','','','','Yes','Yes','','','','','','','','','','','','','No','Yes','','',0,0,0,0,'','2017-10-31 17:12:26','','2017-10-31 17:12:26'),(118,1,'D-201710311715','test','','','3','4','','','','','','','','','','','','','','Yes','Yes','','','','','','','','','','','','','No','Yes','','',0,0,0,0,'','2017-10-31 17:15:07','','2017-10-31 17:15:07'),(119,1,'D-201710311717','test','','test','3','7','','','','','','','','','','','','','','Yes','Yes','','','','','','','','','','','','','No','Yes','','',0,0,0,0,'','2017-10-31 17:17:23','','2017-10-31 17:17:23'),(120,1,'D-201710311721','test','','','4','','','','','','','','','','','','','','','Yes','Yes','','','','','','','','','','','','','No','Yes','','',0,0,0,0,'','2017-10-31 17:21:17','','2017-10-31 17:21:17'),(121,1,'D-201710311727','test','tester','','4','1','','','','','','','','','','','','','','Yes','Yes','','','','','','','','','','','','','No','Yes','','',0,0,0,0,'','2017-10-31 17:27:34','','2017-10-31 17:27:34'),(122,1,'D-201710311730','test','','test','4','4','','','','','','','','','','','','','','Yes','Yes','','','','','','','','','','','','','No','Yes','','',0,0,0,0,'','2017-10-31 17:30:02','','2017-10-31 17:30:02'),(123,89,'D-201710311734','eee','','','','','','','','','','','','','','','','','','Yes','Yes','','','','','','','','','','','','','No','Yes','','',0,0,0,0,'','2017-10-31 17:34:48','','2017-10-31 17:34:48'),(124,1,'D-201710311747','test','','','','','','','','','','','','','','','','','','Yes','Yes','','','','','','','','','','','','','No','Yes','','',0,0,0,0,'','2017-10-31 17:47:48','','2017-10-31 17:47:48'),(125,1,'D-201710311750','test','','','','','','','','','','','','','','','','','','Yes','Yes','','','','','','','','','','','','','No','Yes','','',0,0,0,0,'','2017-10-31 17:50:13','','2017-10-31 17:50:13'),(126,1,'D-201711010840','test','','','','','','','','','','','','','','','','','','Yes','Yes','','','','','','','','','','','','','No','Yes','','',0,0,0,0,'','2017-11-01 08:40:49','','2017-11-01 08:40:49'),(127,89,'D-201711010928','tets','','','','','','','','','','','','','','','','','','Yes','Yes','','','','','','','','','','','','','No','Yes','','',0,0,0,0,'','2017-11-01 09:28:52','','2017-11-01 09:28:52'),(128,1,'D-201711010947','test','','','','','','','','','','','','','','','','','','Yes','Yes','','','','','','','','','','','','','No','Yes','','',0,0,0,0,'','2017-11-01 09:47:21','','2017-11-01 09:47:21'),(129,1,'D-201711011018','test','','','','','','','','','','','','','','','','','','Yes','Yes','','','','','','','','','','','','','No','Yes','','',0,0,0,0,'','2017-11-01 10:18:35','','2017-11-01 10:18:35'),(130,1,'D-201711011018','test','','','','','','','','','','','','','','','','','','Yes','Yes','','','','','','','','','','','','','No','Yes','','',0,0,0,0,'','2017-11-01 10:18:45','','2017-11-01 10:18:45'),(131,1,'D-201711011020','test','testdata','texas','3','5','59f9533db44e7_1b.JPG','','59f9533db45a6_1a.jpg','','','','','','','25000','12%','25000','22000','Yes','Yes','','','','250','','','','','','','','','No','Yes','','',0,0,0,0,'','2017-11-01 10:20:17','','2017-11-01 10:20:17'),(132,1,'D-201711011032','tester','tester','','3','3','','','','','','','','','','invstmnt','32','23','3000','Yes','Yes','','','','3400','','tester','test','tester','tstye','testrrr','busi\nmodel','advtg','No','Yes','','',0,0,0,0,'','2017-11-01 10:32:52','','2017-11-01 10:32:52'),(133,1,'D-201711011044','testing9','','','','','','','','','','','','','','','','','','Yes','Yes','','','','','','','','','','','','','No','Yes','','',0,0,0,0,'','2017-11-01 10:44:23','','2017-11-01 10:44:23'),(134,1,'D-201711011046','testing9','','','','','','','','','','','','','','','','','','Yes','Yes','','','','','','','','','','','','','No','Yes','','',0,0,0,0,'','2017-11-01 10:46:56','','2017-11-01 10:46:56'),(135,1,'D-201711011214','test','','','','','','','','','','','','','','','','','','Yes','Yes','','','','','','','','','','','','','No','Yes','','',0,0,0,0,'','2017-11-01 12:14:55','','2017-11-01 12:14:55'),(136,1,'D-201711011215','test','','','','','','','','','','','','','','','','','','Yes','Yes','','','','','','','','','','','','','No','Yes','','',0,0,0,0,'','2017-11-01 12:15:04','','2017-11-01 12:15:04'),(137,1,'D-201711011217','test','','','','','','','','','','','','','','','','','','Yes','Yes','','','','','','','','','','','','','No','Yes','','',0,0,0,0,'','2017-11-01 12:17:37','','2017-11-01 12:17:37'),(138,1,'D-201711011219','Test','','','','','','','','','','','','','','','','','','Yes','Yes','','','','','','','','','','','','','No','Yes','','',0,0,0,0,'','2017-11-01 12:19:23','','2017-11-01 12:19:23'),(139,1,'D-201711011219','Test','','','','','','','','','','','','','','','','','','Yes','Yes','','','','','','','','','','','','','No','Yes','','',0,0,0,0,'','2017-11-01 12:19:53','','2017-11-01 12:19:53'),(140,1,'D-201711011220','test','','','','','','','','','','','','','','','','','','Yes','Yes','','','','','','','','','','','','','No','Yes','','',0,0,0,0,'','2017-11-01 12:20:23','','2017-11-01 12:20:23'),(141,1,'D-201711011222','test','','','','','','','','','','','','','','','','','','Yes','Yes','','','','','','','','','','','','','No','Yes','','',0,0,0,0,'','2017-11-01 12:22:28','','2017-11-01 12:22:28'),(142,1,'D-201711011222','test','','','','','','','','','','','','','','','','','','Yes','Yes','','','','','','','','','','','','','No','Yes','','',0,0,0,0,'','2017-11-01 12:22:54','','2017-11-01 12:22:54'),(143,1,'D-201711011223','test','','','','','','','','','','','','','','','','','','Yes','Yes','','','','','','','','','','','','','No','Yes','','',0,0,0,0,'','2017-11-01 12:23:08','','2017-11-01 12:23:08'),(144,1,'D-201711011224','test','','','','','','','','','','','','','','','','','','Yes','Yes','','','','','','','','','','','','','No','Yes','','',0,0,0,0,'','2017-11-01 12:24:08','','2017-11-01 12:24:08'),(145,1,'D-201711011224','test','','','','','','','','','','','','','','','','','','Yes','Yes','','','','','','','','','','','','','No','Yes','','',0,0,0,0,'','2017-11-01 12:24:18','','2017-11-01 12:24:18'),(146,1,'D-201711011225','test','','','','','','','','','','','','','','','','','','Yes','Yes','','','','','','','','','','','','','No','Yes','','',0,0,0,0,'','2017-11-01 12:25:13','','2017-11-01 12:25:13'),(147,1,'D-201711011236','tester','','','','','','','','','','','','','','','','','','Yes','Yes','','','','','','','','','','','','','No','Yes','','',0,0,0,0,'','2017-11-01 12:36:11','','2017-11-01 12:36:11'),(148,1,'D-201711011238','tester','','','','','','','','','','','','','','','','','','Yes','Yes','','','','','','','','','','','','','No','Yes','','',0,0,0,0,'','2017-11-01 12:38:36','','2017-11-01 12:38:36'),(149,1,'D-201711011241','Dhanya Test','','kochi','','8','59f975f805ad3_bg-header-1.jpg','','59f975f805b88_bg-header-1.jpg','','','','','','','2345678','','','2345','Yes','Yes','','','','3434343','','test data','IBM','Final deck','Final deck 2','Final 3','ls','testing','No','Yes','','',0,0,0,0,'','2017-11-01 12:41:50','','2017-11-01 12:41:50'),(150,1,'D-201711011335','test','','','','','','','','','','','','','','','','','','Yes','Yes','','','','','','','','','','','','','No','Yes','','',0,0,0,0,'','2017-11-01 13:35:34','','2017-11-01 13:35:34'),(151,1,'D-201711011403','test','tetet','','0','0','','','','','','','','£','£','','','','','Yes','Yes','UK','','£','','Yes','','','','','','','','No','Yes','','',0,0,0,0,'','2017-11-01 14:03:56','','2017-11-01 14:04:02'),(152,1,'D-201711011408','test','','','','','','','','','','','','','','25,000','12','167,307','','Yes','Yes','','','','','','','','','','','','','No','Yes','','',0,0,0,0,'','2017-11-01 14:08:50','','2017-11-01 14:08:50');
/*!40000 ALTER TABLE `dk_organisation` ENABLE KEYS */;
UNLOCK TABLES;

--
-- Table structure for table `dk_previous_fund`
--

DROP TABLE IF EXISTS `dk_previous_fund`;
/*!40101 SET @saved_cs_client     = @@character_set_client */;
/*!40101 SET character_set_client = utf8 */;
CREATE TABLE `dk_previous_fund` (
  `id` int(11) NOT NULL AUTO_INCREMENT,
  `org_id` int(11) NOT NULL,
  `date` date DEFAULT NULL,
  `currency_type` varchar(255) NOT NULL,
  `currency` varchar(255) NOT NULL,
  `date1` date DEFAULT NULL,
  `currency_type1` varchar(255) NOT NULL,
  `currency1` varchar(255) NOT NULL,
  PRIMARY KEY (`id`)
) ENGINE=InnoDB AUTO_INCREMENT=47 DEFAULT CHARSET=latin1;
/*!40101 SET character_set_client = @saved_cs_client */;

--
-- Dumping data for table `dk_previous_fund`
--

LOCK TABLES `dk_previous_fund` WRITE;
/*!40000 ALTER TABLE `dk_previous_fund` DISABLE KEYS */;
INSERT INTO `dk_previous_fund` VALUES (1,1,'2014-05-25','£','2,506','2016-03-12','$','3,366'),(2,2,'2014-05-02','£','2,500','2015-09-16','$','3,600'),(3,3,'1970-01-01','£','2,500','2010-10-10','$','5,620'),(4,4,'2016-02-12','£','2,500','2013-06-25','£','3,600'),(5,6,'1970-01-01','£','','1970-01-01','£',''),(6,7,'1970-01-01','£','','1970-01-01','£',''),(7,8,'1970-01-01','£','','1970-01-01','£',''),(8,9,'1970-01-01','£','','1970-01-01','£',''),(9,26,'1970-01-01','£','','1970-01-01','£',''),(10,27,'1970-01-01','£','','1970-01-01','£',''),(11,28,'1970-01-01','£','','1970-01-01','£',''),(12,29,'1970-01-01','£','','1970-01-01','£',''),(13,30,'1970-01-01','£','','1970-01-01','£',''),(14,32,'1970-01-01','£','','1970-01-01','£',''),(15,35,'1970-01-01','£','','1970-01-01','£',''),(16,36,'1970-01-01','£','','1970-01-01','£',''),(17,37,'1970-01-01','£','','1970-01-01','£',''),(18,38,'1970-01-01','£','','1970-01-01','£',''),(19,39,'1970-01-01','£','','1970-01-01','£',''),(20,40,'1970-01-01','£','','1970-01-01','£',''),(21,42,'1970-01-01','£','','1970-01-01','£',''),(22,44,'1970-01-01','£','','1970-01-01','£',''),(23,45,'2016-03-16','£','3,600','2017-07-22','$','6,600'),(24,46,'1970-01-01','£','','1970-01-01','£',''),(25,48,'2016-12-23','$','200,000','1970-01-01','£',''),(26,50,'2010-01-01','£','50,000','1970-01-01','£',''),(27,53,'2017-12-12','£','1,212','2013-09-12','£','1,212'),(28,55,'1970-01-01','£','','1970-01-01','£',''),(29,57,'1970-01-01','£','2,13112','1970-01-01','£','5,45466'),(30,57,'1970-01-01','£','2,13112','1970-01-01','£','5,45466'),(31,57,'1970-01-01','£','2,13112','1970-01-01','£','5,45466'),(32,57,'1970-01-01','£','2,13112','1970-01-01','£','5,45466'),(34,57,'1970-01-01','£','2,13112','1970-01-01','£','5,45466'),(35,57,'1970-01-01','£','2,13112','1970-01-01','£','5,45466'),(36,57,'1970-01-01','£','2,13112','1970-01-01','£','5,45466'),(37,57,'1970-01-01','£','2,13112','1970-01-01','£','5,45466'),(41,68,'1970-01-01','£','','1970-01-01','£',''),(42,72,'1970-01-01','£','','1970-01-01','£',''),(43,73,'1970-01-01','£','','1970-01-01','£',''),(44,131,'2017-12-12','$','12000','2017-11-12','$','120500'),(45,149,'2008-03-01','$','234',NULL,'',''),(46,151,'1970-01-01','£','','1970-01-01','£','');
/*!40000 ALTER TABLE `dk_previous_fund` ENABLE KEYS */;
UNLOCK TABLES;

--
-- Table structure for table `dk_section`
--

DROP TABLE IF EXISTS `dk_section`;
/*!40101 SET @saved_cs_client     = @@character_set_client */;
/*!40101 SET character_set_client = utf8 */;
CREATE TABLE `dk_section` (
  `id` int(11) NOT NULL AUTO_INCREMENT,
  `section_name` varchar(255) NOT NULL,
  `created_time` date NOT NULL,
  `user_id` int(11) NOT NULL,
  PRIMARY KEY (`id`)
) ENGINE=InnoDB DEFAULT CHARSET=latin1;
/*!40101 SET character_set_client = @saved_cs_client */;

--
-- Dumping data for table `dk_section`
--

LOCK TABLES `dk_section` WRITE;
/*!40000 ALTER TABLE `dk_section` DISABLE KEYS */;
/*!40000 ALTER TABLE `dk_section` ENABLE KEYS */;
UNLOCK TABLES;

--
-- Table structure for table `dk_share_deck`
--

DROP TABLE IF EXISTS `dk_share_deck`;
/*!40101 SET @saved_cs_client     = @@character_set_client */;
/*!40101 SET character_set_client = utf8 */;
CREATE TABLE `dk_share_deck` (
  `id` int(11) NOT NULL AUTO_INCREMENT,
  `email_id` varchar(255) NOT NULL,
  `org_id` int(11) NOT NULL,
  `shared_time` datetime NOT NULL,
  `shared_user` varchar(255) NOT NULL,
  PRIMARY KEY (`id`)
) ENGINE=InnoDB AUTO_INCREMENT=50 DEFAULT CHARSET=latin1;
/*!40101 SET character_set_client = @saved_cs_client */;

--
-- Dumping data for table `dk_share_deck`
--

LOCK TABLES `dk_share_deck` WRITE;
/*!40000 ALTER TABLE `dk_share_deck` DISABLE KEYS */;
INSERT INTO `dk_share_deck` VALUES (1,'dhanya@logicalsteps.net',4,'2017-10-14 13:32:44','1'),(2,'anju.s@logicalsteps.net',39,'2017-10-17 10:27:05','1'),(3,'dhanya@logicalsteps.net',39,'2017-10-17 10:49:57','1'),(16,'minu@logicalsteps.net',45,'2017-10-20 11:12:44','1'),(17,'jason@logicalsteps.net',4,'2017-10-20 18:29:52','DemoB'),(19,'preethu@logicalsteps.net',50,'2017-10-23 13:37:38','1'),(20,'preethu@logicalsteps.net',57,'2017-10-25 14:58:51','1'),(21,'preethu@logicalsteps.net',53,'2017-10-25 15:01:27','1'),(22,'preethu@logicalsteps.net',1,'2017-10-27 12:13:26','89'),(23,'anju.s@logicalsteps.net',2,'2017-10-27 12:41:36','89'),(24,'anju.s@logicalsteps.net',1,'2017-10-27 15:35:32','89'),(25,'minu@logicalsteps.net',2,'2017-10-27 15:39:08','89'),(26,'anju.s@logicalsteps.net',1,'2017-10-30 13:06:39','89'),(27,'anju.s@logicalsteps.net',73,'2017-10-30 13:44:58','89'),(28,'anju.s@logicalsteps.net',0,'2017-10-30 15:23:13','89'),(29,'anju.s@logicalsteps.net',73,'2017-10-30 15:27:59','89'),(30,'anju.s@logicalsteps.net',57,'2017-10-30 15:41:28','89'),(31,'anju.s@logicalsteps.net',2,'2017-10-30 15:42:34','89'),(32,'anju.s@logicalsteps.net',73,'2017-10-30 17:00:45','89'),(33,'anju.s@logicalsteps.net',73,'2017-10-30 17:01:33','89'),(34,'anju.s@logicalsteps.net',73,'2017-10-30 17:03:17','89'),(35,'anju.s@logicalsteps.net',73,'2017-10-30 17:03:47','89'),(36,'anjusanjana92@gmail.com',0,'2017-10-30 17:21:59','89'),(37,'anjusanjana92@gmail.com',0,'2017-10-30 17:29:10','89'),(38,'anju.s@logicalsteps.net',0,'2017-10-30 17:34:57','89'),(39,'anju.s@logicalsteps.net',73,'2017-10-30 17:42:10','89'),(40,'anju.s@logicalsteps.net',57,'2017-10-30 17:51:40','89'),(41,'anju.s@logicalsteps.net',73,'2017-10-30 17:52:12','89'),(42,'anju.s@logicalsteps.net',0,'2017-10-30 17:56:45','89'),(43,'anju.s@logicalsteps.net',0,'2017-10-30 17:57:19','89'),(44,'anju.s@Logicalsteps.net',0,'2017-10-31 09:16:08','89'),(45,'anju.s@logicalsteps.net',81,'2017-10-31 09:17:54','89'),(46,'minu@logicalsteps.net',2,'2017-10-31 09:37:17','89'),(47,'anju.s@logicalsteps.net',0,'2017-10-31 09:38:04','89'),(48,'minu@logicalsteps.net',0,'2017-10-31 09:38:11','89'),(49,'anju.s@logicalsteps.net',81,'2017-10-31 09:39:42','89');
/*!40000 ALTER TABLE `dk_share_deck` ENABLE KEYS */;
UNLOCK TABLES;

--
-- Table structure for table `dk_team_members`
--

DROP TABLE IF EXISTS `dk_team_members`;
/*!40101 SET @saved_cs_client     = @@character_set_client */;
/*!40101 SET character_set_client = utf8 */;
CREATE TABLE `dk_team_members` (
  `id` int(11) NOT NULL AUTO_INCREMENT,
  `org_id` int(11) NOT NULL,
  `member_name` varchar(255) NOT NULL,
  `role` varchar(255) NOT NULL,
  `achievement` varchar(255) NOT NULL,
  `photo` varchar(255) NOT NULL,
  `member_type` varchar(255) NOT NULL,
  `tid` varchar(255) NOT NULL,
  PRIMARY KEY (`id`)
) ENGINE=InnoDB AUTO_INCREMENT=66 DEFAULT CHARSET=latin1;
/*!40101 SET character_set_client = @saved_cs_client */;

--
-- Dumping data for table `dk_team_members`
--

LOCK TABLES `dk_team_members` WRITE;
/*!40000 ALTER TABLE `dk_team_members` DISABLE KEYS */;
INSERT INTO `dk_team_members` VALUES (1,1,'Garrett Camp','Co-Founder ',' Chairman','59e0aa6824e66_ijav2nnf1rcivzt5c78c.jpg','Team Member',''),(2,1,'Ryan Graves','SVP','Global Operations','59e0aa6824e66_team2.jpg','Team Member',''),(3,1,'Travis Kalanick','','Board Member','59e0aa6824f16_team1.png','Investor',''),(4,1,'Cheng Wei','','Board Member','59e0aa6824f16_invest.png','Investor',''),(5,2,'Binny Bansal','Co-Founder','CEO','59e0ae4800cd3_auewvhznoafaendevt2p.png','Team Member',''),(6,2,'Sachin Bansal  ','Co-Founder','Chief Executive Officer','59e0ae4800cd3_d4vwdkpf7lcptwgtcz9j.png','Team Member',''),(8,2,'Subrata Mitra ','','Board Member','59e0ae4800d81_tryj7vd11krj60aq7jey.jpg','Investor',''),(10,2,'Sameer Gandhi','','Board Member','59e0ae4800d81_m2tcvkvzbbm96u1jkn2b.png','Investor',''),(11,3,'Jiangji Wong ','Co-founder','Vice President','59e0b0f818b0b_ynkotq41ov5g1fdjfbpl.png','Team Member',''),(12,3,'Duo Zhang ','Software Engineer','CEO','59e0b0f818b0b_d29zsksnhxkejkkx8zpe.png','Team Member',''),(13,3,'Robin Chan ','','Board Member','59e0b0f818bd2_b3a3e8c152b5a3ede4a95b1b41f5767c.jpg','Investor',''),(14,3,'Duane Kuang ','','Board Member','59e0b0f818bd2_f4hhw5l3bq20beuqzz5c.jpg','Investor',''),(15,4,'Jonathan Ive ','Chief Design Officer','Manager','59e0b3c6f25ef_ljyagijehakobgjo2qhh.png','Team Member',''),(16,4,'Eddy Cue SVP','Internet Software','Services','59e0b3c6f25ef_lflgloixpcydqdlj5fjk.png','Team Member',''),(17,4,'Al Gore ','','Board Member','59e0b3c6f26b8_ejtjjuxf9bugcpqzbhi0.png','Investor',''),(18,6,'ryan','CEO','Project Manager','59e1adea01286_b3a3e8c152b5a3ede4a95b1b41f5767c.jpg','Team Member',''),(19,32,'a','a','','','Team Member',''),(20,32,'a','a','a','','Team Member',''),(21,36,'unni','pk','pk','','Team Member',''),(22,40,'a','a','a','','Team Member',''),(23,45,'Bhavish Aggarwal  ','Co-Founder','CEO','59e5d72b0cdeb_tiamvaoyyewtaucxy3rg.jpg','Team Member',''),(24,45,'Ankit Bhati  ','Co-Founder','CTO','59e5d72b0cdeb_qaj8f1yhpokyaygvhwwj.jpg','Team Member',''),(26,45,'Lee Fixel','','Board Member','59e5d72b0ce9a_ydbb40s83piljeo7ulbb.jpg','Investor',''),(27,79,'','','','59f7076d7bea1_12.jpg','Team-Member','t1'),(28,80,'','','','59f701c7e4260_images.jpg','Team-Member','t1'),(29,81,'Dixon Paul','','','59f7e72d721d9_profile-m-3.png','Team-Member','t1'),(30,83,'','','','59f7f4b6cf108_59f425a36aad0_qwqwq.JPG','Team-Member','t1'),(31,89,'','','','59f804613f0bc_ls.JPG','Team-Member','t1'),(32,91,'','','','59f86d2ee64d5_ls.JPG','Team-Member','t2'),(33,91,'','','','59f86d1be73d6_ls.JPG','Team-Member','t1'),(34,94,'','','','59f81cbc70c98_1a.jpg','Team-Member','t1'),(35,94,'','','','59f81cbc70e5b_1b.JPG','Team-Member','t2'),(36,94,'','','','59f81cbc70efc_1c.jpg','Team-Member','t3'),(37,98,'anna','tester','','59f84131ab229_1a.jpg','Team-Member','t1'),(38,98,'Minu','Web Developer','','59f84131ab3f6_ls.JPG','Team-Member','t2'),(39,98,'test','Developer','','59f841c2b61f3_1a.jpg','Team-Member','t3'),(40,100,'raj','','','59f84ab3a9f99_lflgloixpcydqdlj5fjk.png','Team-Member','t1'),(41,100,'ram','','','59f84ab3aa17c_u8ys2iol4f5fgv7olvsj.png','Team-Member','t2'),(42,100,'','','','59f84b11d30d2_ljyagijehakobgjo2qhh.png','Team-Member','t3'),(43,101,'','','','59f84f766c0c6_ejtjjuxf9bugcpqzbhi0.png','Team-Member','t3'),(44,105,'test1','test2','','59f854214d58b_1b.JPG','Team-Member','t1'),(45,105,'test2','','','59f854214d78c_1c.jpg','Team-Member','t2'),(46,105,'test3','test','','59f8550b24408_1a.jpg','Team-Member','t3'),(47,113,'y','w','','59f85ac1787d5_u8ys2iol4f5fgv7olvsj.png','Team-Member','t1'),(48,113,'l','','','59f85ac1789ad_lflgloixpcydqdlj5fjk.png','Team-Member','t2'),(49,113,'a','sd','','59f85b9f6eab5_ejtjjuxf9bugcpqzbhi0.png','Team-Member','t3'),(50,122,'preethu','tester','','59f8687be11af_1a.jpg','Team-Member','t1'),(51,122,'anju','dveloper','','59f8687be13a3_ls.JPG','Team-Member','t2'),(52,122,'minu','tester12','','59f8687be1593_1c.jpg','Team-Member','t3'),(53,91,'','','','59f86d39a771d_1a.jpg','Team-Member','t3'),(54,131,'Preethu','developer','','59f95308aaa6f_1a.jpg','Team-Member','t1'),(55,131,'anju','tester','','59f953331af3b_1b.JPG','Team-Member','t2'),(56,131,'minu','','','','Team-Member','t3'),(57,132,'anju5','','tester5','59f9557f80642_web_images.jpg','Invester','I1'),(58,132,'anju6','','tester6','59f9559a52888_butterfly.jpg','Invester','I2'),(59,132,'anju8','test1','','59f955c1df079_fe1140-86l.jpg','Team-Member','t1'),(60,132,'anju2','test2','','59f955e0c5bd5_ca0661-01l_1.jpg','Team-Member','t2'),(61,132,'anju3','test3','','59f955f7e6c1d_testing123.jpg','Team-Member','t3'),(62,149,'team1','leader','','59f97513a1aba_images.png','Team-Member','t1'),(63,149,'','','','','Team Member','t2'),(64,149,'','','','','Team Member','t3'),(65,149,'Dhanya Ninan','','','59f97513a1fe6_545dc991c2755_594partner-profile-pic-An.jpg','Invester','I1');
/*!40000 ALTER TABLE `dk_team_members` ENABLE KEYS */;
UNLOCK TABLES;

--
-- Table structure for table `dk_user_info`
--

DROP TABLE IF EXISTS `dk_user_info`;
/*!40101 SET @saved_cs_client     = @@character_set_client */;
/*!40101 SET character_set_client = utf8 */;
CREATE TABLE `dk_user_info` (
  `id` int(11) NOT NULL AUTO_INCREMENT,
  `unique_id` varchar(255) NOT NULL,
  `first_name` varchar(255) NOT NULL,
  `last_name` varchar(255) NOT NULL,
  `user_type` enum('admin','investor','entreprenuer') DEFAULT 'entreprenuer',
  `email_id` varchar(255) NOT NULL,
  `location` varchar(255) NOT NULL,
  `password` varchar(255) NOT NULL,
  `user_password` varchar(255) NOT NULL,
  `reg_time` datetime NOT NULL DEFAULT CURRENT_TIMESTAMP ON UPDATE CURRENT_TIMESTAMP,
  `reg_ip` varchar(255) NOT NULL,
  `created_user` varchar(255) NOT NULL,
  `linkedin_user` varchar(255) NOT NULL DEFAULT 'No',
  `modified_date` datetime DEFAULT NULL,
  `age` int(11) NOT NULL,
  `education` enum('Yes','No') NOT NULL DEFAULT 'Yes',
  `founding_exp` enum('Yes','No') NOT NULL DEFAULT 'Yes',
  `funding_exp` enum('Yes','No') NOT NULL DEFAULT 'Yes',
  `brief_bio` varchar(255) NOT NULL,
  `profile_pic` varchar(255) NOT NULL,
  PRIMARY KEY (`id`)
) ENGINE=InnoDB AUTO_INCREMENT=123 DEFAULT CHARSET=latin1 ROW_FORMAT=COMPACT;
/*!40101 SET character_set_client = @saved_cs_client */;

--
-- Dumping data for table `dk_user_info`
--

LOCK TABLES `dk_user_info` WRITE;
/*!40000 ALTER TABLE `dk_user_info` DISABLE KEYS */;
INSERT INTO `dk_user_info` VALUES (1,'D-24ab8eeb-895d-11e7-baba-023434499863','Dhanya','Ninan','admin','admin@logicalsteps.net','Kochi','f702c1502be8e55f4208d69419f50d0a','','2017-10-27 11:50:55','122.166.96.24','','No',NULL,0,'Yes','Yes','Yes','LSIN',''),(87,'D-201709221854','William','Neill','entreprenuer','','','linkedin','linkedin','2017-10-03 11:01:04','78.45.146.212','','Yes',NULL,0,'Yes','Yes','Yes','',''),(89,'D-201710061105','DemoA','LS','entreprenuer','demo1@logicalsteps.net','','4f316067c82c1c4b1b6aa5c794797510','demo1@123','2017-10-27 12:00:32','113.193.253.114','','No',NULL,0,'Yes','Yes','Yes','','59e061a7268e7_388.jpg'),(91,'D-201710081617','DemoB','LS','entreprenuer','demo2@logicalsteps.net','','65661bb1cd4fa9ef879765d521953f75','demo2@123','2017-10-27 12:01:10','113.193.253.114','','No',NULL,0,'Yes','Yes','Yes','',''),(120,'D-201710141334','','','investor','dhanya@logicalsteps.net','','a350bd5e7ea4d3080f4c680f8b95cf0d','dhanya','2017-10-27 12:04:21','202.83.47.48','','No',NULL,0,'Yes','Yes','Yes','',''),(121,'D-201710201113','Minu','Mohan','investor','minu@logicalsteps.net','','f702c1502be8e55f4208d69419f50d0a','demo@123','2017-10-27 12:05:45','113.193.253.114','','No',NULL,0,'Yes','Yes','Yes','',''),(122,'D-201710271736','Anju','s','entreprenuer','anju.s@logicalsteps.net','','4e2d1bac9971e30d3da5d5d619c60234','anju@123','2017-10-27 12:13:52','113.193.253.114','','No',NULL,0,'Yes','Yes','Yes','','');
/*!40000 ALTER TABLE `dk_user_info` ENABLE KEYS */;
UNLOCK TABLES;

--
-- Table structure for table `dk_user_track_log`
--

DROP TABLE IF EXISTS `dk_user_track_log`;
/*!40101 SET @saved_cs_client     = @@character_set_client */;
/*!40101 SET character_set_client = utf8 */;
CREATE TABLE `dk_user_track_log` (
  `track_id` int(11) NOT NULL AUTO_INCREMENT,
  `user_id` int(11) NOT NULL,
  `log_intime` datetime NOT NULL DEFAULT CURRENT_TIMESTAMP ON UPDATE CURRENT_TIMESTAMP,
  `log_outtime` datetime DEFAULT NULL,
  `reg_ip` varchar(255) NOT NULL,
  `browser` varchar(255) NOT NULL,
  `action` varchar(255) NOT NULL,
  `visibility` varchar(255) NOT NULL DEFAULT 'No',
  PRIMARY KEY (`track_id`)
) ENGINE=InnoDB AUTO_INCREMENT=591 DEFAULT CHARSET=latin1;
/*!40101 SET character_set_client = @saved_cs_client */;

--
-- Dumping data for table `dk_user_track_log`
--

LOCK TABLES `dk_user_track_log` WRITE;
/*!40000 ALTER TABLE `dk_user_track_log` DISABLE KEYS */;
INSERT INTO `dk_user_track_log` VALUES (1,89,'2017-10-13 11:54:19',NULL,'113.193.253.114','Mozilla/5.0 (Windows NT 10.0; Win64; x64) AppleWebKit/537.36 (KHTML, like Gecko) Chrome/61.0.3163.100 Safari/537.36','Login','No'),(2,89,'2017-10-13 12:26:11',NULL,'113.193.253.114','Mozilla/5.0 (Windows NT 10.0; Win64; x64) AppleWebKit/537.36 (KHTML, like Gecko) Chrome/61.0.3163.100 Safari/537.36','Login','No'),(3,91,'2017-10-13 12:26:30',NULL,'113.193.253.114','Mozilla/5.0 (Windows NT 10.0; Win64; x64) AppleWebKit/537.36 (KHTML, like Gecko) Chrome/61.0.3163.100 Safari/537.36','Login','No'),(4,1,'2017-10-13 12:41:02',NULL,'202.83.47.48','Mozilla/5.0 (X11; Linux x86_64) AppleWebKit/537.36 (KHTML, like Gecko) Chrome/58.0.3029.81 Safari/537.36','Login','No'),(5,1,'2017-10-13 12:46:49',NULL,'113.193.253.114','Mozilla/5.0 (Windows NT 10.0; Win64; x64) AppleWebKit/537.36 (KHTML, like Gecko) Chrome/61.0.3163.100 Safari/537.36','Login','No'),(6,1,'2017-10-13 12:53:30',NULL,'113.193.253.114','Mozilla/5.0 (Windows NT 10.0; Win64; x64) AppleWebKit/537.36 (KHTML, like Gecko) Chrome/61.0.3163.100 Safari/537.36','Login','No'),(7,1,'2017-10-13 13:53:29',NULL,'122.166.96.24','Mozilla/5.0 (X11; Linux x86_64) AppleWebKit/537.36 (KHTML, like Gecko) Chrome/60.0.3112.113 Safari/537.36','Login','No'),(8,1,'2017-10-13 13:55:15',NULL,'113.193.253.114','Mozilla/5.0 (X11; Linux x86_64) AppleWebKit/537.36 (KHTML, like Gecko) Chrome/55.0.2883.75 Safari/537.36','Login','No'),(9,1,'2017-10-13 13:55:22',NULL,'122.166.96.24','Mozilla/5.0 (X11; Linux x86_64) AppleWebKit/537.36 (KHTML, like Gecko) Chrome/60.0.3112.113 Safari/537.36','Login','No'),(10,1,'2017-10-13 13:55:24',NULL,'202.83.47.48','Mozilla/5.0 (X11; Linux x86_64) AppleWebKit/537.36 (KHTML, like Gecko) Chrome/60.0.3112.101 Safari/537.36','Login','No'),(11,1,'2017-10-13 13:58:09',NULL,'111.92.75.73','Mozilla/5.0 (Linux; Android 5.1; Lenovo A7010a48 Build/LMY47D) AppleWebKit/537.36 (KHTML, like Gecko) Chrome/60.0.3112.116 Mobile Safari/537.36','Login','No'),(12,1,'2017-10-13 13:58:54',NULL,'137.97.10.131','Mozilla/5.0 (Linux; Android 5.1.1; Lenovo A6020a40 Build/LMY47V) AppleWebKit/537.36 (KHTML, like Gecko) Chrome/61.0.3163.98 Mobile Safari/537.36','Login','No'),(13,1,'2017-10-13 14:00:59',NULL,'137.97.10.131','Mozilla/5.0 (Linux; Android 5.1.1; Lenovo A6020a40 Build/LMY47V) AppleWebKit/537.36 (KHTML, like Gecko) Chrome/61.0.3163.98 Mobile Safari/537.36','Login','No'),(14,1,'2017-10-13 14:36:55',NULL,'137.97.10.131','Mozilla/5.0 (Linux; Android 5.1.1; Lenovo A6020a40 Build/LMY47V) AppleWebKit/537.36 (KHTML, like Gecko) Chrome/61.0.3163.98 Mobile Safari/537.36','Login','No'),(15,1,'2017-10-13 15:05:43',NULL,'137.97.10.131','Mozilla/5.0 (Linux; Android 5.1.1; Lenovo A6020a40 Build/LMY47V) AppleWebKit/537.36 (KHTML, like Gecko) Chrome/61.0.3163.98 Mobile Safari/537.36','Login','No'),(16,1,'2017-10-13 15:47:44',NULL,'117.246.35.19','Mozilla/5.0 (Linux; Android 5.1.1; Lenovo A6020a40 Build/LMY47V) AppleWebKit/537.36 (KHTML, like Gecko) Chrome/61.0.3163.98 Mobile Safari/537.36','Login','No'),(17,1,'2017-10-13 17:44:17',NULL,'117.246.58.224','Mozilla/5.0 (Linux; Android 5.1.1; Lenovo A6020a40 Build/LMY47V) AppleWebKit/537.36 (KHTML, like Gecko) Chrome/61.0.3163.98 Mobile Safari/537.36','Login','No'),(18,1,'2017-10-14 01:03:34',NULL,'137.97.10.103','Mozilla/5.0 (Linux; Android 5.1; Lenovo A7010a48 Build/LMY47D) AppleWebKit/537.36 (KHTML, like Gecko) Chrome/60.0.3112.116 Mobile Safari/537.36','Login','No'),(19,1,'2017-10-14 01:33:52',NULL,'106.76.35.110','Mozilla/5.0 (iPhone; CPU iPhone OS 10_3_3 like Mac OS X) AppleWebKit/603.3.8 (KHTML, like Gecko) Version/10.0 Mobile/14G60 Safari/602.1','Login','No'),(20,1,'2017-10-14 02:39:37',NULL,'202.83.47.48','Mozilla/5.0 (X11; Fedora; Linux x86_64; rv:38.0) Gecko/20100101 Firefox/38.0','Login','No'),(21,1,'2017-10-14 03:30:18',NULL,'113.193.253.114','Mozilla/5.0 (Windows NT 10.0; Win64; x64) AppleWebKit/537.36 (KHTML, like Gecko) Chrome/61.0.3163.100 Safari/537.36','Login','No'),(22,1,'2017-10-14 04:59:39',NULL,'113.193.253.114','Mozilla/5.0 (Windows NT 10.0; Win64; x64) AppleWebKit/537.36 (KHTML, like Gecko) Chrome/52.0.2743.116 Safari/537.36 Edge/15.15063','Login','No'),(23,1,'2017-10-14 06:25:43',NULL,'113.193.253.114','Mozilla/5.0 (Windows NT 10.0; WOW64; rv:56.0) Gecko/20100101 Firefox/56.0','Login','No'),(24,1,'2017-10-14 08:02:22',NULL,'202.83.47.48','Mozilla/5.0 (X11; Fedora; Linux x86_64; rv:38.0) Gecko/20100101 Firefox/38.0','Login','No'),(25,0,'2017-10-14 08:04:16',NULL,'202.83.47.48','','ShareLogin','No'),(26,1,'2017-10-14 08:12:50',NULL,'113.193.253.114','Mozilla/5.0 (Windows NT 10.0; Win64; x64) AppleWebKit/537.36 (KHTML, like Gecko) Chrome/61.0.3163.100 Safari/537.36','Login','No'),(27,1,'2017-10-14 08:13:03',NULL,'113.193.253.114','Mozilla/5.0 (Windows NT 10.0; Win64; x64) AppleWebKit/537.36 (KHTML, like Gecko) Chrome/61.0.3163.100 Safari/537.36','Login','No'),(28,1,'2017-10-14 09:04:07',NULL,'202.83.47.48','Mozilla/5.0 (X11; Linux x86_64) AppleWebKit/537.36 (KHTML, like Gecko) Chrome/58.0.3029.81 Safari/537.36','Login','No'),(29,1,'2017-10-14 09:06:20',NULL,'113.193.253.114','Mozilla/5.0 (Windows NT 10.0; WOW64; rv:47.0) Gecko/20100101 Firefox/47.0','Login','No'),(30,1,'2017-10-14 10:25:53',NULL,'113.193.253.114','Mozilla/5.0 (Windows NT 10.0; Win64; x64) AppleWebKit/537.36 (KHTML, like Gecko) Chrome/61.0.3163.100 Safari/537.36','Login','No'),(31,1,'2017-10-14 16:45:41',NULL,'117.223.41.67','Mozilla/5.0 (X11; Ubuntu; Linux i686; rv:55.0) Gecko/20100101 Firefox/55.0','Login','No'),(32,1,'2017-10-16 04:46:12',NULL,'106.208.184.248','Mozilla/5.0 (iPad; CPU OS 11_0_2 like Mac OS X) AppleWebKit/604.1.38 (KHTML, like Gecko) Version/11.0 Mobile/15A421 Safari/604.1','Login','No'),(33,1,'2017-10-16 04:48:48',NULL,'27.97.220.214','Mozilla/5.0 (Windows NT 6.3; WOW64) AppleWebKit/537.36 (KHTML, like Gecko) Chrome/52.0.2743.116 Safari/537.36','Login','No'),(34,1,'2017-10-16 04:51:04',NULL,'113.193.253.114','Mozilla/5.0 (Windows NT 10.0; Win64; x64) AppleWebKit/537.36 (KHTML, like Gecko) Chrome/61.0.3163.100 Safari/537.36','Login','No'),(35,1,'2017-10-16 05:06:23',NULL,'113.193.253.114','Mozilla/5.0 (Windows NT 10.0; Win64; x64) AppleWebKit/537.36 (KHTML, like Gecko) Chrome/61.0.3163.100 Safari/537.36','Login','No'),(36,1,'2017-10-16 05:09:34',NULL,'122.166.96.24','Mozilla/5.0 (Windows NT 6.3; Win64; x64) AppleWebKit/537.36 (KHTML, like Gecko) Chrome/61.0.3163.100 Safari/537.36','Login','No'),(37,1,'2017-10-16 05:40:48',NULL,'113.193.253.114','Mozilla/5.0 (Windows NT 10.0; Win64; x64) AppleWebKit/537.36 (KHTML, like Gecko) Chrome/61.0.3163.100 Safari/537.36','Login','No'),(38,120,'2017-10-16 06:15:09',NULL,'116.68.96.197','Mozilla/5.0 (Windows NT 10.0; Win64; x64) AppleWebKit/537.36 (KHTML, like Gecko) Chrome/61.0.3163.100 Safari/537.36','Login','No'),(39,0,'2017-10-16 06:15:24',NULL,'116.68.96.197','','ShareLogin','No'),(40,1,'2017-10-16 07:28:32',NULL,'106.208.184.248','Mozilla/5.0 (iPad; CPU OS 11_0_2 like Mac OS X) AppleWebKit/604.1.38 (KHTML, like Gecko) Version/11.0 Mobile/15A421 Safari/604.1','Login','No'),(41,1,'2017-10-16 08:55:58',NULL,'122.166.96.24','Mozilla/5.0 (Linux; Android 6.0; Nexus 5 Build/MRA58N) AppleWebKit/537.36 (KHTML, like Gecko) Chrome/61.0.3163.100 Mobile Safari/537.36','Login','No'),(42,1,'2017-10-16 09:34:00',NULL,'113.193.253.114','Mozilla/5.0 (Windows NT 10.0; Win64; x64) AppleWebKit/537.36 (KHTML, like Gecko) Chrome/61.0.3163.100 Safari/537.36','Login','No'),(43,1,'2017-10-16 09:36:10',NULL,'106.208.184.248','Mozilla/5.0 (iPad; CPU OS 11_0_2 like Mac OS X) AppleWebKit/604.1.38 (KHTML, like Gecko) Version/11.0 Mobile/15A421 Safari/604.1','Login','No'),(44,1,'2017-10-16 10:22:33',NULL,'122.166.96.24','Mozilla/5.0 (Windows NT 6.3; Win64; x64) AppleWebKit/537.36 (KHTML, like Gecko) Chrome/61.0.3163.100 Safari/537.36','Login','No'),(45,1,'2017-10-16 11:04:53',NULL,'122.166.96.24','Mozilla/5.0 (iPad; CPU OS 9_1 like Mac OS X) AppleWebKit/601.1.46 (KHTML, like Gecko) Version/9.0 Mobile/13B143 Safari/601.1','Login','No'),(46,1,'2017-10-16 16:08:47',NULL,'202.83.42.80','Mozilla/5.0 (Windows NT 10.0; Win64; x64) AppleWebKit/537.36 (KHTML, like Gecko) Chrome/61.0.3163.100 Safari/537.36','Login','No'),(47,1,'2017-10-16 17:10:30',NULL,'202.83.42.80','Mozilla/5.0 (Windows NT 10.0; Win64; x64) AppleWebKit/537.36 (KHTML, like Gecko) Chrome/61.0.3163.100 Safari/537.36','Login','No'),(48,1,'2017-10-17 02:31:31',NULL,'202.83.47.48','Mozilla/5.0 (X11; Fedora; Linux x86_64; rv:38.0) Gecko/20100101 Firefox/38.0','Login','No'),(49,1,'2017-10-17 03:39:23',NULL,'113.193.253.114','Mozilla/5.0 (Windows NT 10.0; Win64; x64) AppleWebKit/537.36 (KHTML, like Gecko) Chrome/61.0.3163.100 Safari/537.36','Login','No'),(50,1,'2017-10-17 03:58:38',NULL,'113.193.253.114','Mozilla/5.0 (Windows NT 10.0; Win64; x64) AppleWebKit/537.36 (KHTML, like Gecko) Chrome/61.0.3163.100 Safari/537.36','Login','No'),(51,1,'2017-10-17 04:04:56',NULL,'122.166.96.24','Mozilla/5.0 (Windows NT 10.0; Win64; x64) AppleWebKit/537.36 (KHTML, like Gecko) Chrome/61.0.3163.100 Safari/537.36','Login','No'),(52,1,'2017-10-17 04:27:46',NULL,'122.166.96.24','Mozilla/5.0 (Windows NT 10.0; Win64; x64) AppleWebKit/537.36 (KHTML, like Gecko) Chrome/61.0.3163.100 Safari/537.36','Login','No'),(53,120,'2017-10-17 04:43:55',NULL,'202.83.47.48','Mozilla/5.0 (X11; Linux x86_64) AppleWebKit/537.36 (KHTML, like Gecko) Chrome/58.0.3029.81 Safari/537.36','Login','No'),(54,0,'2017-10-17 04:43:59',NULL,'202.83.47.48','','ShareLogin','No'),(55,0,'2017-10-17 04:57:30',NULL,'113.193.253.114','','ShareLogin','No'),(56,1,'2017-10-17 05:01:35',NULL,'113.193.253.114','Mozilla/5.0 (X11; Linux x86_64) AppleWebKit/537.36 (KHTML, like Gecko) Chrome/60.0.3112.113 Safari/537.36','Login','No'),(57,1,'2017-10-17 05:10:14',NULL,'122.166.96.24','Mozilla/5.0 (Windows NT 6.3; Win64; x64) AppleWebKit/537.36 (KHTML, like Gecko) Chrome/61.0.3163.100 Safari/537.36','Login','No'),(58,1,'2017-10-17 05:16:42',NULL,'113.193.253.114','Mozilla/5.0 (Windows NT 10.0; Win64; x64) AppleWebKit/537.36 (KHTML, like Gecko) Chrome/61.0.3163.100 Safari/537.36','Login','No'),(59,0,'2017-10-17 05:19:27',NULL,'202.83.47.48','','ShareLogin','No'),(60,0,'2017-10-17 05:19:28',NULL,'162.243.69.215','','ShareLogin','No'),(61,1,'2017-10-17 05:19:40',NULL,'202.83.47.48','Mozilla/5.0 (X11; Linux x86_64) AppleWebKit/537.36 (KHTML, like Gecko) Chrome/58.0.3029.81 Safari/537.36','Login','No'),(62,0,'2017-10-17 05:20:17',NULL,'202.83.47.48','','ShareLogin','No'),(63,1,'2017-10-17 05:30:40',NULL,'122.166.96.24','Mozilla/5.0 (Windows NT 10.0; Win64; x64) AppleWebKit/537.36 (KHTML, like Gecko) Chrome/61.0.3163.100 Safari/537.36','Login','No'),(64,120,'2017-10-17 05:31:41',NULL,'202.83.47.48','Mozilla/5.0 (X11; Fedora; Linux x86_64; rv:38.0) Gecko/20100101 Firefox/38.0','Login','No'),(65,0,'2017-10-17 05:31:45',NULL,'202.83.47.48','','ShareLogin','No'),(66,0,'2017-10-17 05:49:37',NULL,'113.193.253.114','','ShareLogin','No'),(67,1,'2017-10-17 06:05:10',NULL,'113.193.253.114','Mozilla/5.0 (iPhone; CPU iPhone OS 9_1 like Mac OS X) AppleWebKit/601.1.46 (KHTML, like Gecko) Version/9.0 Mobile/13B143 Safari/601.1','Login','No'),(68,1,'2017-10-17 06:05:14',NULL,'113.193.253.114','Mozilla/5.0 (iPhone; CPU iPhone OS 9_1 like Mac OS X) AppleWebKit/601.1.46 (KHTML, like Gecko) Version/9.0 Mobile/13B143 Safari/601.1','Login','No'),(69,1,'2017-10-17 06:05:29',NULL,'113.193.253.114','Mozilla/5.0 (iPhone; CPU iPhone OS 9_1 like Mac OS X) AppleWebKit/601.1.46 (KHTML, like Gecko) Version/9.0 Mobile/13B143 Safari/601.1','Login','No'),(70,1,'2017-10-17 06:05:38',NULL,'113.193.253.114','Mozilla/5.0 (iPhone; CPU iPhone OS 9_1 like Mac OS X) AppleWebKit/601.1.46 (KHTML, like Gecko) Version/9.0 Mobile/13B143 Safari/601.1','Login','No'),(71,1,'2017-10-17 06:05:41',NULL,'113.193.253.114','Mozilla/5.0 (iPhone; CPU iPhone OS 9_1 like Mac OS X) AppleWebKit/601.1.46 (KHTML, like Gecko) Version/9.0 Mobile/13B143 Safari/601.1','Login','No'),(72,1,'2017-10-17 06:11:30',NULL,'122.166.96.24','Mozilla/5.0 (Windows NT 10.0; WOW64; rv:47.0) Gecko/20100101 Firefox/47.0','Login','No'),(73,1,'2017-10-17 06:11:35',NULL,'113.193.253.114','Mozilla/5.0 (Windows NT 10.0; WOW64; rv:56.0) Gecko/20100101 Firefox/56.0','Login','No'),(74,1,'2017-10-17 06:15:07',NULL,'113.193.253.114','Mozilla/5.0 (iPhone; CPU iPhone OS 9_1 like Mac OS X) AppleWebKit/601.1.46 (KHTML, like Gecko) Version/9.0 Mobile/13B143 Safari/601.1','Login','No'),(75,1,'2017-10-17 06:19:04',NULL,'113.193.253.114','Mozilla/5.0 (iPad; CPU OS 11_0 like Mac OS X) AppleWebKit/604.1.38 (KHTML, like Gecko) Version/11.0 Mobile/15A372 Safari/604.1','Login','No'),(76,1,'2017-10-17 06:19:56',NULL,'202.83.47.48','Mozilla/5.0 (X11; Fedora; Linux x86_64; rv:38.0) Gecko/20100101 Firefox/38.0','Login','No'),(77,1,'2017-10-17 06:20:17',NULL,'202.83.47.48','Mozilla/5.0 (X11; Fedora; Linux x86_64; rv:38.0) Gecko/20100101 Firefox/38.0','Login','No'),(78,1,'2017-10-17 06:20:24',NULL,'113.193.253.114','Mozilla/5.0 (iPad; CPU OS 9_1 like Mac OS X) AppleWebKit/601.1.46 (KHTML, like Gecko) Version/9.0 Mobile/13B143 Safari/601.1','Login','No'),(79,1,'2017-10-17 06:22:30',NULL,'122.166.96.24','Mozilla/5.0 (Windows NT 10.0; Win64; x64) AppleWebKit/537.36 (KHTML, like Gecko) Chrome/61.0.3163.100 Safari/537.36','Login','No'),(80,1,'2017-10-17 06:24:08',NULL,'122.166.96.24','Mozilla/5.0 (iPhone; CPU iPhone OS 9_1 like Mac OS X) AppleWebKit/601.1.46 (KHTML, like Gecko) Version/9.0 Mobile/13B143 Safari/601.1','Login','No'),(81,1,'2017-10-17 06:28:46',NULL,'113.193.253.114','Mozilla/5.0 (Windows NT 10.0; Win64; x64) AppleWebKit/537.36 (KHTML, like Gecko) Chrome/61.0.3163.100 Safari/537.36','Login','No'),(82,1,'2017-10-17 07:00:51',NULL,'113.193.253.114','Mozilla/5.0 (Windows NT 10.0; WOW64; rv:56.0) Gecko/20100101 Firefox/56.0','Login','No'),(83,1,'2017-10-17 07:05:10',NULL,'113.193.253.114','Mozilla/5.0 (iPhone; CPU iPhone OS 9_1 like Mac OS X) AppleWebKit/601.1.46 (KHTML, like Gecko) Version/9.0 Mobile/13B143 Safari/601.1','Login','No'),(84,1,'2017-10-17 07:13:28',NULL,'122.166.96.24','Mozilla/5.0 (Windows NT 10.0; Win64; x64) AppleWebKit/537.36 (KHTML, like Gecko) Chrome/61.0.3163.100 Safari/537.36','Login','No'),(85,1,'2017-10-17 07:36:03',NULL,'202.83.47.48','Mozilla/5.0 (X11; Fedora; Linux x86_64; rv:38.0) Gecko/20100101 Firefox/38.0','Login','No'),(86,0,'2017-10-17 07:41:24',NULL,'113.193.253.114','','ShareLogin','No'),(87,1,'2017-10-17 07:42:08',NULL,'202.83.47.48','Mozilla/5.0 (X11; Fedora; Linux x86_64; rv:38.0) Gecko/20100101 Firefox/38.0','Login','No'),(88,120,'2017-10-17 07:42:39',NULL,'202.83.47.48','Mozilla/5.0 (X11; Fedora; Linux x86_64; rv:38.0) Gecko/20100101 Firefox/38.0','Login','No'),(89,0,'2017-10-17 07:42:43',NULL,'202.83.47.48','','ShareLogin','No'),(90,1,'2017-10-17 07:45:38',NULL,'113.193.253.114','Mozilla/5.0 (Windows NT 10.0; Win64; x64) AppleWebKit/537.36 (KHTML, like Gecko) Chrome/61.0.3163.100 Safari/537.36','Login','No'),(91,1,'2017-10-17 07:45:41',NULL,'113.193.253.114','Mozilla/5.0 (Windows NT 10.0; Win64; x64) AppleWebKit/537.36 (KHTML, like Gecko) Chrome/61.0.3163.100 Safari/537.36','Login','No'),(92,1,'2017-10-17 07:46:15',NULL,'113.193.253.114','Mozilla/5.0 (Windows NT 10.0; Win64; x64) AppleWebKit/537.36 (KHTML, like Gecko) Chrome/61.0.3163.100 Safari/537.36','Login','No'),(93,1,'2017-10-17 07:46:15',NULL,'202.83.47.48','Mozilla/5.0 (X11; Fedora; Linux x86_64; rv:38.0) Gecko/20100101 Firefox/38.0','Login','No'),(94,0,'2017-10-17 07:47:12',NULL,'113.193.253.114','','ShareLogin','No'),(95,1,'2017-10-17 08:01:48',NULL,'113.193.253.114','Mozilla/5.0 (Windows NT 10.0; Win64; x64) AppleWebKit/537.36 (KHTML, like Gecko) Chrome/61.0.3163.100 Safari/537.36','Login','No'),(96,1,'2017-10-17 08:28:32',NULL,'122.166.96.24','Mozilla/5.0 (Windows NT 10.0; Win64; x64) AppleWebKit/537.36 (KHTML, like Gecko) Chrome/61.0.3163.100 Safari/537.36','Login','No'),(97,0,'2017-10-17 08:34:55',NULL,'113.193.253.114','','ShareLogin','No'),(98,1,'2017-10-17 08:35:10',NULL,'113.193.253.114','Mozilla/5.0 (Windows NT 10.0; Win64; x64) AppleWebKit/537.36 (KHTML, like Gecko) Chrome/61.0.3163.100 Safari/537.36','Login','No'),(99,1,'2017-10-17 08:37:13',NULL,'122.166.96.24','Mozilla/5.0 (Windows NT 10.0; WOW64; rv:47.0) Gecko/20100101 Firefox/47.0','Login','No'),(100,0,'2017-10-17 08:40:22',NULL,'113.193.253.114','','ShareLogin','No'),(101,1,'2017-10-17 08:41:59',NULL,'122.166.96.24','Mozilla/5.0 (Windows NT 10.0; Win64; x64) AppleWebKit/537.36 (KHTML, like Gecko) Chrome/61.0.3163.100 Safari/537.36','Login','No'),(102,0,'2017-10-17 08:42:34',NULL,'122.166.96.24','','ShareLogin','No'),(103,0,'2017-10-17 08:44:49',NULL,'122.166.96.24','','ShareLogin','No'),(104,0,'2017-10-17 08:45:07',NULL,'122.166.96.24','','ShareLogin','No'),(105,0,'2017-10-17 08:46:25',NULL,'122.166.96.24','','ShareLogin','No'),(106,0,'2017-10-17 08:46:33',NULL,'122.166.96.24','','ShareLogin','No'),(107,0,'2017-10-17 08:46:52',NULL,'122.166.96.24','','ShareLogin','No'),(108,0,'2017-10-17 08:47:47',NULL,'122.166.96.24','','ShareLogin','No'),(109,0,'2017-10-17 08:47:59',NULL,'122.166.96.24','','ShareLogin','No'),(110,0,'2017-10-17 08:48:01',NULL,'122.166.96.24','','ShareLogin','No'),(111,0,'2017-10-17 08:50:56',NULL,'122.166.96.24','','ShareLogin','No'),(112,0,'2017-10-17 08:50:58',NULL,'138.197.202.197','','ShareLogin','No'),(113,0,'2017-10-17 08:52:03',NULL,'122.166.96.24','','ShareLogin','No'),(114,0,'2017-10-17 08:54:15',NULL,'122.166.96.24','','ShareLogin','No'),(115,0,'2017-10-17 08:54:53',NULL,'122.166.96.24','','ShareLogin','No'),(116,0,'2017-10-17 08:55:45',NULL,'122.166.96.24','','ShareLogin','No'),(117,0,'2017-10-17 08:56:17',NULL,'122.166.96.24','','ShareLogin','No'),(118,0,'2017-10-17 08:56:34',NULL,'122.166.96.24','','ShareLogin','No'),(119,0,'2017-10-17 08:56:36',NULL,'122.166.96.24','','ShareLogin','No'),(120,0,'2017-10-17 08:56:38',NULL,'122.166.96.24','','ShareLogin','No'),(121,0,'2017-10-17 08:57:34',NULL,'113.193.253.114','','ShareLogin','No'),(122,0,'2017-10-17 08:58:16',NULL,'113.193.253.114','','ShareLogin','No'),(123,0,'2017-10-17 08:58:41',NULL,'122.166.96.24','','ShareLogin','No'),(124,0,'2017-10-17 08:58:50',NULL,'122.166.96.24','','ShareLogin','No'),(125,0,'2017-10-17 08:58:52',NULL,'122.166.96.24','','ShareLogin','No'),(126,0,'2017-10-17 08:58:53',NULL,'122.166.96.24','','ShareLogin','No'),(127,0,'2017-10-17 09:01:17',NULL,'122.166.96.24','','ShareLogin','No'),(128,0,'2017-10-17 09:01:19',NULL,'122.166.96.24','','ShareLogin','No'),(129,1,'2017-10-17 09:01:29',NULL,'122.166.96.24','Mozilla/5.0 (Windows NT 10.0; Win64; x64) AppleWebKit/537.36 (KHTML, like Gecko) Chrome/61.0.3163.100 Safari/537.36','Login','No'),(130,0,'2017-10-17 09:01:40',NULL,'122.166.96.24','','ShareLogin','No'),(131,0,'2017-10-17 09:07:11',NULL,'122.166.96.24','','ShareLogin','No'),(132,0,'2017-10-17 09:07:14',NULL,'122.166.96.24','','ShareLogin','No'),(133,1,'2017-10-17 09:08:23',NULL,'122.166.96.24','Mozilla/5.0 (Windows NT 10.0; Win64; x64) AppleWebKit/537.36 (KHTML, like Gecko) Chrome/61.0.3163.100 Safari/537.36','Login','No'),(134,0,'2017-10-17 09:08:45',NULL,'122.166.96.24','','ShareLogin','No'),(135,0,'2017-10-17 09:08:47',NULL,'122.166.96.24','','ShareLogin','No'),(136,0,'2017-10-17 09:08:50',NULL,'122.166.96.24','','ShareLogin','No'),(137,0,'2017-10-17 09:08:51',NULL,'122.166.96.24','','ShareLogin','No'),(138,0,'2017-10-17 09:08:52',NULL,'122.166.96.24','','ShareLogin','No'),(139,0,'2017-10-17 09:08:55',NULL,'122.166.96.24','','ShareLogin','No'),(140,1,'2017-10-17 09:12:31',NULL,'122.166.96.24','Mozilla/5.0 (Windows NT 10.0; Win64; x64) AppleWebKit/537.36 (KHTML, like Gecko) Chrome/61.0.3163.100 Safari/537.36','Login','No'),(141,0,'2017-10-17 09:13:29',NULL,'122.166.96.24','','ShareLogin','No'),(142,0,'2017-10-17 09:13:30',NULL,'138.197.202.197','','ShareLogin','No'),(143,0,'2017-10-17 09:14:27',NULL,'122.166.96.24','','ShareLogin','No'),(144,0,'2017-10-17 09:14:32',NULL,'122.166.96.24','','ShareLogin','No'),(145,0,'2017-10-17 09:14:34',NULL,'122.166.96.24','','ShareLogin','No'),(146,0,'2017-10-17 09:14:38',NULL,'122.166.96.24','','ShareLogin','No'),(147,0,'2017-10-17 09:14:39',NULL,'122.166.96.24','','ShareLogin','No'),(148,0,'2017-10-17 09:14:44',NULL,'122.166.96.24','','ShareLogin','No'),(149,1,'2017-10-17 09:22:34',NULL,'113.193.253.114','Mozilla/5.0 (Windows NT 10.0; Win64; x64) AppleWebKit/537.36 (KHTML, like Gecko) Chrome/61.0.3163.100 Safari/537.36','Login','No'),(150,0,'2017-10-17 09:26:10',NULL,'122.166.96.24','','ShareLogin','No'),(151,0,'2017-10-17 09:29:58',NULL,'122.166.96.24','','ShareLogin','No'),(152,0,'2017-10-17 09:30:56',NULL,'122.166.96.24','','ShareLogin','No'),(153,0,'2017-10-17 09:31:00',NULL,'122.166.96.24','','ShareLogin','No'),(154,0,'2017-10-17 09:37:06',NULL,'122.166.96.24','','ShareLogin','No'),(155,0,'2017-10-17 09:37:09',NULL,'122.166.96.24','','ShareLogin','No'),(156,0,'2017-10-17 09:37:10',NULL,'122.166.96.24','','ShareLogin','No'),(157,0,'2017-10-17 09:37:10',NULL,'122.166.96.24','','ShareLogin','No'),(158,0,'2017-10-17 09:37:27',NULL,'122.166.96.24','','ShareLogin','No'),(159,0,'2017-10-17 09:37:44',NULL,'122.166.96.24','','ShareLogin','No'),(160,0,'2017-10-17 09:40:08',NULL,'122.166.96.24','','ShareLogin','No'),(161,0,'2017-10-17 09:40:40',NULL,'122.166.96.24','','ShareLogin','No'),(162,1,'2017-10-17 09:40:51',NULL,'122.166.96.24','Mozilla/5.0 (Windows NT 10.0; Win64; x64) AppleWebKit/537.36 (KHTML, like Gecko) Chrome/61.0.3163.100 Safari/537.36','Login','No'),(163,0,'2017-10-17 09:44:18',NULL,'122.166.96.24','','ShareLogin','No'),(164,0,'2017-10-17 09:44:31',NULL,'122.166.96.24','','ShareLogin','No'),(165,0,'2017-10-17 09:46:18',NULL,'122.166.96.24','','ShareLogin','No'),(166,0,'2017-10-17 09:47:38',NULL,'122.166.96.24','','ShareLogin','No'),(167,0,'2017-10-17 09:47:50',NULL,'122.166.96.24','','ShareLogin','No'),(168,1,'2017-10-17 09:56:55',NULL,'113.193.253.114','Mozilla/5.0 (Windows NT 10.0; Win64; x64) AppleWebKit/537.36 (KHTML, like Gecko) Chrome/61.0.3163.100 Safari/537.36','Login','No'),(169,1,'2017-10-17 10:01:41',NULL,'113.193.253.114','Mozilla/5.0 (Windows NT 10.0; Win64; x64) AppleWebKit/537.36 (KHTML, like Gecko) Chrome/61.0.3163.100 Safari/537.36','Login','No'),(170,1,'2017-10-17 10:02:05',NULL,'113.193.253.114','Mozilla/5.0 (Windows NT 10.0; WOW64; rv:56.0) Gecko/20100101 Firefox/56.0','Login','No'),(171,0,'2017-10-17 10:06:54',NULL,'122.166.96.24','','ShareLogin','No'),(172,1,'2017-10-17 10:06:58',NULL,'122.166.96.24','Mozilla/5.0 (Windows NT 10.0; Win64; x64) AppleWebKit/537.36 (KHTML, like Gecko) Chrome/61.0.3163.100 Safari/537.36','Login','No'),(173,1,'2017-10-17 10:09:29',NULL,'122.166.96.24','Mozilla/5.0 (Windows NT 10.0; Win64; x64) AppleWebKit/537.36 (KHTML, like Gecko) Chrome/61.0.3163.100 Safari/537.36','Login','No'),(174,1,'2017-10-17 10:21:22',NULL,'113.193.253.114','Mozilla/5.0 (Windows NT 10.0; Win64; x64) AppleWebKit/537.36 (KHTML, like Gecko) Chrome/61.0.3163.100 Safari/537.36','Login','No'),(175,0,'2017-10-17 10:32:41',NULL,'122.166.96.24','','ShareLogin','No'),(176,0,'2017-10-17 10:33:01',NULL,'122.166.96.24','','ShareLogin','No'),(177,1,'2017-10-17 10:45:00',NULL,'122.166.96.24','Mozilla/5.0 (Windows NT 10.0; Win64; x64) AppleWebKit/537.36 (KHTML, like Gecko) Chrome/61.0.3163.100 Safari/537.36','Login','No'),(178,1,'2017-10-17 10:48:21',NULL,'122.166.96.24','Mozilla/5.0 (Windows NT 10.0; WOW64; rv:47.0) Gecko/20100101 Firefox/47.0','Login','No'),(179,1,'2017-10-17 11:09:25',NULL,'202.83.47.48','Mozilla/5.0 (X11; Fedora; Linux x86_64; rv:38.0) Gecko/20100101 Firefox/38.0','Login','No'),(180,1,'2017-10-17 11:11:11',NULL,'113.193.253.114','Mozilla/5.0 (Windows NT 10.0; Win64; x64) AppleWebKit/537.36 (KHTML, like Gecko) Chrome/61.0.3163.100 Safari/537.36','Login','No'),(181,1,'2017-10-17 11:27:57',NULL,'202.83.47.48','Mozilla/5.0 (X11; Linux x86_64) AppleWebKit/537.36 (KHTML, like Gecko) Chrome/58.0.3029.81 Safari/537.36','Login','No'),(182,1,'2017-10-17 19:26:48',NULL,'117.246.40.54','Mozilla/5.0 (Linux; Android 5.1.1; Lenovo A6020a40 Build/LMY47V) AppleWebKit/537.36 (KHTML, like Gecko) Chrome/61.0.3163.98 Mobile Safari/537.36','Login','No'),(183,1,'2017-10-18 10:24:59',NULL,'117.246.243.178','Mozilla/5.0 (Linux; Android 5.1.1; Lenovo A6020a40 Build/LMY47V) AppleWebKit/537.36 (KHTML, like Gecko) Chrome/61.0.3163.98 Mobile Safari/537.36','Login','No'),(184,1,'2017-10-19 03:55:22',NULL,'113.193.253.114','Mozilla/5.0 (Windows NT 10.0; Win64; x64) AppleWebKit/537.36 (KHTML, like Gecko) Chrome/61.0.3163.100 Safari/537.36','Login','No'),(185,1,'2017-10-19 04:09:20',NULL,'122.166.96.24','Mozilla/5.0 (Windows NT 10.0; Win64; x64) AppleWebKit/537.36 (KHTML, like Gecko) Chrome/61.0.3163.100 Safari/537.36','Login','No'),(186,1,'2017-10-19 04:09:34',NULL,'113.193.253.114','Mozilla/5.0 (Windows NT 10.0; Win64; x64) AppleWebKit/537.36 (KHTML, like Gecko) Chrome/61.0.3163.100 Safari/537.36','Login','No'),(187,1,'2017-10-19 04:11:17',NULL,'113.193.253.114','Mozilla/5.0 (Windows NT 10.0; Win64; x64) AppleWebKit/537.36 (KHTML, like Gecko) Chrome/61.0.3163.100 Safari/537.36','Login','No'),(188,120,'2017-10-19 04:12:23',NULL,'113.193.253.114','Mozilla/5.0 (Windows NT 10.0; Win64; x64) AppleWebKit/537.36 (KHTML, like Gecko) Chrome/61.0.3163.100 Safari/537.36','Login','No'),(189,0,'2017-10-19 04:12:30',NULL,'113.193.253.114','','ShareLogin','No'),(190,1,'2017-10-19 04:50:41',NULL,'202.83.47.48','Mozilla/5.0 (X11; Linux x86_64) AppleWebKit/537.36 (KHTML, like Gecko) Chrome/58.0.3029.81 Safari/537.36','Login','No'),(191,0,'2017-10-19 05:16:10',NULL,'122.166.96.24','','ShareLogin','No'),(192,1,'2017-10-19 05:27:56',NULL,'122.166.96.24','Mozilla/5.0 (Windows NT 10.0; Win64; x64) AppleWebKit/537.36 (KHTML, like Gecko) Chrome/61.0.3163.100 Safari/537.36','Login','No'),(193,1,'2017-10-19 05:48:55',NULL,'122.166.96.24','Mozilla/5.0 (Windows NT 10.0; Win64; x64) AppleWebKit/537.36 (KHTML, like Gecko) Chrome/61.0.3163.100 Safari/537.36','Login','No'),(194,120,'2017-10-19 06:05:50',NULL,'113.193.253.114','Mozilla/5.0 (Windows NT 10.0; Win64; x64) AppleWebKit/537.36 (KHTML, like Gecko) Chrome/61.0.3163.100 Safari/537.36','Login','No'),(195,1,'2017-10-19 06:06:06',NULL,'113.193.253.114','Mozilla/5.0 (Windows NT 10.0; Win64; x64) AppleWebKit/537.36 (KHTML, like Gecko) Chrome/61.0.3163.100 Safari/537.36','Login','No'),(196,1,'2017-10-19 08:41:02',NULL,'122.166.96.24','Mozilla/5.0 (Windows NT 10.0; Win64; x64) AppleWebKit/537.36 (KHTML, like Gecko) Chrome/61.0.3163.100 Safari/537.36','Login','No'),(197,1,'2017-10-19 09:56:33',NULL,'202.83.47.48','Mozilla/5.0 (X11; Linux x86_64) AppleWebKit/537.36 (KHTML, like Gecko) Chrome/58.0.3029.81 Safari/537.36','Login','No'),(198,120,'2017-10-19 11:53:35',NULL,'113.193.253.114','Mozilla/5.0 (Windows NT 10.0; Win64; x64) AppleWebKit/537.36 (KHTML, like Gecko) Chrome/61.0.3163.100 Safari/537.36','Login','No'),(199,1,'2017-10-19 11:53:52',NULL,'113.193.253.114','Mozilla/5.0 (Windows NT 10.0; Win64; x64) AppleWebKit/537.36 (KHTML, like Gecko) Chrome/61.0.3163.100 Safari/537.36','Login','No'),(200,1,'2017-10-20 03:44:58',NULL,'113.193.253.114','Mozilla/5.0 (Windows NT 10.0; Win64; x64) AppleWebKit/537.36 (KHTML, like Gecko) Chrome/61.0.3163.100 Safari/537.36','Login','No'),(201,120,'2017-10-20 04:16:34',NULL,'113.193.253.114','Mozilla/5.0 (Windows NT 10.0; Win64; x64) AppleWebKit/537.36 (KHTML, like Gecko) Chrome/61.0.3163.100 Safari/537.36','Login','No'),(202,1,'2017-10-20 04:16:47',NULL,'113.193.253.114','Mozilla/5.0 (Windows NT 10.0; Win64; x64) AppleWebKit/537.36 (KHTML, like Gecko) Chrome/61.0.3163.100 Safari/537.36','Login','No'),(203,1,'2017-10-20 05:11:49',NULL,'122.166.96.24','Mozilla/5.0 (Windows NT 10.0; Win64; x64) AppleWebKit/537.36 (KHTML, like Gecko) Chrome/61.0.3163.100 Safari/537.36','Login','No'),(204,1,'2017-10-20 05:17:37',NULL,'202.83.47.48','Mozilla/5.0 (X11; Linux x86_64) AppleWebKit/537.36 (KHTML, like Gecko) Chrome/58.0.3029.81 Safari/537.36','Login','No'),(205,89,'2017-10-20 05:18:04',NULL,'202.83.47.48','Mozilla/5.0 (X11; Linux x86_64) AppleWebKit/537.36 (KHTML, like Gecko) Chrome/58.0.3029.81 Safari/537.36','Login','No'),(206,120,'2017-10-20 05:20:16',NULL,'113.193.253.114','Mozilla/5.0 (Windows NT 10.0; Win64; x64) AppleWebKit/537.36 (KHTML, like Gecko) Chrome/61.0.3163.100 Safari/537.36','Login','No'),(207,1,'2017-10-20 05:21:36',NULL,'113.193.253.114','Mozilla/5.0 (Windows NT 10.0; Win64; x64) AppleWebKit/537.36 (KHTML, like Gecko) Chrome/61.0.3163.100 Safari/537.36','Login','No'),(208,1,'2017-10-20 05:28:23',NULL,'122.166.96.24','Mozilla/5.0 (Windows NT 10.0; Win64; x64) AppleWebKit/537.36 (KHTML, like Gecko) Chrome/61.0.3163.100 Safari/537.36','Login','No'),(209,0,'2017-10-20 05:30:24',NULL,'122.166.96.24','','ShareLogin','No'),(210,0,'2017-10-20 05:30:49',NULL,'122.166.96.24','','ShareLogin','No'),(211,120,'2017-10-20 05:32:50',NULL,'122.166.96.24','Mozilla/5.0 (Windows NT 10.0; Win64; x64) AppleWebKit/537.36 (KHTML, like Gecko) Chrome/61.0.3163.100 Safari/537.36','Login','No'),(212,1,'2017-10-20 05:36:40',NULL,'122.166.96.24','Mozilla/5.0 (Windows NT 10.0; Win64; x64) AppleWebKit/537.36 (KHTML, like Gecko) Chrome/61.0.3163.100 Safari/537.36','Login','No'),(213,0,'2017-10-20 05:44:12',NULL,'113.193.253.114','','ShareLogin','No'),(214,0,'2017-10-20 05:44:37',NULL,'113.193.253.114','','ShareLogin','No'),(215,0,'2017-10-20 05:44:54',NULL,'113.193.253.114','','ShareLogin','No'),(216,1,'2017-10-20 06:10:51',NULL,'113.193.253.114','Mozilla/5.0 (Windows NT 10.0; Win64; x64) AppleWebKit/537.36 (KHTML, like Gecko) Chrome/61.0.3163.100 Safari/537.36','Login','No'),(217,1,'2017-10-20 06:11:21',NULL,'113.193.253.114','Mozilla/5.0 (Windows NT 10.0; Win64; x64) AppleWebKit/537.36 (KHTML, like Gecko) Chrome/61.0.3163.100 Safari/537.36','Login','No'),(218,1,'2017-10-20 08:21:20',NULL,'78.45.146.212','Mozilla/5.0 (Macintosh; Intel Mac OS X 10_12_6) AppleWebKit/537.36 (KHTML, like Gecko) Chrome/61.0.3163.100 Safari/537.36','Login','No'),(219,120,'2017-10-20 08:24:47',NULL,'78.45.146.212','Mozilla/5.0 (Macintosh; Intel Mac OS X 10_12_6) AppleWebKit/537.36 (KHTML, like Gecko) Chrome/61.0.3163.100 Safari/537.36','Login','No'),(220,0,'2017-10-20 08:25:46',NULL,'78.45.146.212','','ShareLogin','No'),(221,1,'2017-10-20 08:40:05',NULL,'78.45.146.212','Mozilla/5.0 (Macintosh; Intel Mac OS X 10_12_6) AppleWebKit/537.36 (KHTML, like Gecko) Chrome/61.0.3163.100 Safari/537.36','Login','No'),(222,0,'2017-10-20 08:41:47',NULL,'78.45.146.212','','ShareLogin','No'),(223,0,'2017-10-20 08:44:07',NULL,'78.45.146.212','','ShareLogin','No'),(224,0,'2017-10-20 08:44:11',NULL,'78.45.146.212','','ShareLogin','No'),(225,0,'2017-10-20 08:44:15',NULL,'78.45.146.212','','ShareLogin','No'),(226,0,'2017-10-20 08:44:21',NULL,'78.45.146.212','','ShareLogin','No'),(227,120,'2017-10-20 09:48:44',NULL,'113.193.253.114','Mozilla/5.0 (Windows NT 10.0; Win64; x64) AppleWebKit/537.36 (KHTML, like Gecko) Chrome/61.0.3163.100 Safari/537.36','Login','No'),(228,0,'2017-10-20 09:49:01',NULL,'113.193.253.114','','ShareLogin','No'),(229,1,'2017-10-20 11:51:37',NULL,'113.193.253.114','Mozilla/5.0 (Windows NT 10.0; Win64; x64) AppleWebKit/537.36 (KHTML, like Gecko) Chrome/61.0.3163.100 Safari/537.36','Login','No'),(230,1,'2017-10-20 12:01:18',NULL,'202.83.47.48','Mozilla/5.0 (X11; Fedora; Linux x86_64; rv:38.0) Gecko/20100101 Firefox/38.0','Login','No'),(231,120,'2017-10-20 12:24:29',NULL,'49.207.56.19','Mozilla/5.0 (Macintosh; Intel Mac OS X 10_13) AppleWebKit/604.1.38 (KHTML, like Gecko) Version/11.0 Safari/604.1.38','Login','No'),(232,120,'2017-10-20 12:24:45',NULL,'49.207.56.19','Mozilla/5.0 (Macintosh; Intel Mac OS X 10_13) AppleWebKit/604.1.38 (KHTML, like Gecko) Version/11.0 Safari/604.1.38','Login','No'),(233,1,'2017-10-20 12:24:54',NULL,'49.207.56.19','Mozilla/5.0 (Macintosh; Intel Mac OS X 10_13) AppleWebKit/604.1.38 (KHTML, like Gecko) Version/11.0 Safari/604.1.38','Login','No'),(234,1,'2017-10-20 12:30:05',NULL,'49.207.56.19','Mozilla/5.0 (Macintosh; Intel Mac OS X 10_13) AppleWebKit/604.1.38 (KHTML, like Gecko) Version/11.0 Safari/604.1.38','Login','No'),(235,1,'2017-10-20 12:32:32',NULL,'49.207.56.19','Mozilla/5.0 (Macintosh; Intel Mac OS X 10_13) AppleWebKit/604.1.38 (KHTML, like Gecko) Version/11.0 Safari/604.1.38','Login','No'),(236,120,'2017-10-20 12:34:23',NULL,'49.207.56.19','Mozilla/5.0 (Macintosh; Intel Mac OS X 10_13_0) AppleWebKit/537.36 (KHTML, like Gecko) Chrome/61.0.3163.100 Safari/537.36','Login','No'),(237,120,'2017-10-20 12:35:15',NULL,'49.207.56.19','Mozilla/5.0 (Macintosh; Intel Mac OS X 10_13_0) AppleWebKit/537.36 (KHTML, like Gecko) Chrome/61.0.3163.100 Safari/537.36','Login','No'),(238,89,'2017-10-20 12:35:47',NULL,'49.207.56.19','Mozilla/5.0 (Macintosh; Intel Mac OS X 10_13_0) AppleWebKit/537.36 (KHTML, like Gecko) Chrome/61.0.3163.100 Safari/537.36','Login','No'),(239,1,'2017-10-20 12:36:15',NULL,'49.207.56.19','Mozilla/5.0 (Macintosh; Intel Mac OS X 10_13_0) AppleWebKit/537.36 (KHTML, like Gecko) Chrome/61.0.3163.100 Safari/537.36','Login','No'),(240,1,'2017-10-20 12:36:49',NULL,'49.207.56.19','Mozilla/5.0 (Macintosh; Intel Mac OS X 10_13_0) AppleWebKit/537.36 (KHTML, like Gecko) Chrome/61.0.3163.100 Safari/537.36','Login','No'),(241,89,'2017-10-20 12:38:29',NULL,'202.83.47.48','Mozilla/5.0 (X11; Fedora; Linux x86_64; rv:38.0) Gecko/20100101 Firefox/38.0','Login','No'),(242,89,'2017-10-20 12:40:13',NULL,'49.207.56.19','Mozilla/5.0 (Macintosh; Intel Mac OS X 10.13; rv:56.0) Gecko/20100101 Firefox/56.0','Login','No'),(243,1,'2017-10-20 12:42:20',NULL,'73.181.122.197','Mozilla/5.0 (Macintosh; Intel Mac OS X 10_12_5) AppleWebKit/537.36 (KHTML, like Gecko) Chrome/61.0.3163.100 Safari/537.36','Login','No'),(244,120,'2017-10-20 12:48:34',NULL,'49.207.56.19','Mozilla/5.0 (Macintosh; Intel Mac OS X 10_13_0) AppleWebKit/537.36 (KHTML, like Gecko) Chrome/61.0.3163.100 Safari/537.36','Login','No'),(245,120,'2017-10-20 12:49:01',NULL,'73.181.122.197','Mozilla/5.0 (Macintosh; Intel Mac OS X 10_12_5) AppleWebKit/537.36 (KHTML, like Gecko) Chrome/61.0.3163.100 Safari/537.36','Login','No'),(246,120,'2017-10-20 12:49:06',NULL,'49.207.56.19','Mozilla/5.0 (Macintosh; Intel Mac OS X 10_13) AppleWebKit/604.1.38 (KHTML, like Gecko) Version/11.0 Safari/604.1.38','Login','No'),(247,0,'2017-10-20 12:49:16',NULL,'49.207.56.19','','ShareLogin','No'),(248,0,'2017-10-20 12:49:29',NULL,'49.207.56.19','','ShareLogin','No'),(249,0,'2017-10-20 12:50:08',NULL,'49.207.56.19','','ShareLogin','No'),(250,0,'2017-10-20 12:50:56',NULL,'49.207.56.19','','ShareLogin','No'),(251,0,'2017-10-20 12:51:04',NULL,'49.207.56.19','','ShareLogin','No'),(252,0,'2017-10-20 12:54:39',NULL,'73.181.122.197','','ShareLogin','No'),(253,1,'2017-10-20 12:57:45',NULL,'49.207.56.19','Mozilla/5.0 (Macintosh; Intel Mac OS X 10_13_0) AppleWebKit/537.36 (KHTML, like Gecko) Chrome/61.0.3163.100 Safari/537.36','Login','No'),(254,91,'2017-10-20 12:58:23',NULL,'73.181.122.197','Mozilla/5.0 (Macintosh; Intel Mac OS X 10_12_5) AppleWebKit/537.36 (KHTML, like Gecko) Chrome/61.0.3163.100 Safari/537.36','Login','No'),(255,91,'2017-10-20 12:59:03',NULL,'73.181.122.197','Mozilla/5.0 (Macintosh; Intel Mac OS X 10_12_5) AppleWebKit/537.36 (KHTML, like Gecko) Chrome/61.0.3163.100 Safari/537.36','Login','No'),(256,1,'2017-10-20 13:23:22',NULL,'49.207.56.19','Mozilla/5.0 (Macintosh; Intel Mac OS X 10_13_0) AppleWebKit/537.36 (KHTML, like Gecko) Chrome/61.0.3163.100 Safari/537.36','Login','No'),(257,1,'2017-10-20 13:42:53',NULL,'73.181.122.197','Mozilla/5.0 (Linux; Android 7.0; SAMSUNG-SM-G890A Build/NRD90M) AppleWebKit/537.36 (KHTML, like Gecko) Chrome/61.0.3163.98 Mobile Safari/537.36','Login','No'),(258,0,'2017-10-20 13:47:03',NULL,'49.207.56.19','','ShareLogin','No'),(259,0,'2017-10-20 13:47:12',NULL,'49.207.56.19','','ShareLogin','No'),(260,0,'2017-10-20 13:48:05',NULL,'49.207.56.19','','ShareLogin','No'),(261,1,'2017-10-20 16:38:07',NULL,'61.3.168.198','Mozilla/5.0 (X11; Ubuntu; Linux i686; rv:56.0) Gecko/20100101 Firefox/56.0','Login','No'),(262,1,'2017-10-20 16:52:59',NULL,'61.3.168.198','Mozilla/5.0 (X11; Ubuntu; Linux i686; rv:56.0) Gecko/20100101 Firefox/56.0','Login','No'),(263,1,'2017-10-20 16:54:01',NULL,'137.97.13.246','Mozilla/5.0 (Linux; Android 6.0.1; Redmi 3S Build/MMB29M) AppleWebKit/537.36 (KHTML, like Gecko) Chrome/60.0.3112.107 Mobile Safari/537.36','Login','No'),(264,1,'2017-10-21 03:06:20',NULL,'117.246.245.66','Mozilla/5.0 (Linux; Android 5.1.1; Lenovo A6020a40 Build/LMY47V) AppleWebKit/537.36 (KHTML, like Gecko) Chrome/61.0.3163.98 Mobile Safari/537.36','Login','No'),(265,120,'2017-10-21 03:49:19',NULL,'122.166.96.24','Mozilla/5.0 (Windows NT 10.0; Win64; x64) AppleWebKit/537.36 (KHTML, like Gecko) Chrome/61.0.3163.100 Safari/537.36','Login','No'),(266,1,'2017-10-21 03:49:36',NULL,'122.166.96.24','Mozilla/5.0 (Windows NT 10.0; Win64; x64) AppleWebKit/537.36 (KHTML, like Gecko) Chrome/61.0.3163.100 Safari/537.36','Login','No'),(267,120,'2017-10-21 04:05:03',NULL,'122.166.96.24','Mozilla/5.0 (Windows NT 10.0; Win64; x64) AppleWebKit/537.36 (KHTML, like Gecko) Chrome/61.0.3163.100 Safari/537.36','Login','No'),(268,1,'2017-10-21 04:05:22',NULL,'122.166.96.24','Mozilla/5.0 (Windows NT 10.0; Win64; x64) AppleWebKit/537.36 (KHTML, like Gecko) Chrome/61.0.3163.100 Safari/537.36','Login','No'),(269,1,'2017-10-21 06:07:31',NULL,'122.166.96.24','Mozilla/5.0 (Windows NT 10.0; Win64; x64) AppleWebKit/537.36 (KHTML, like Gecko) Chrome/61.0.3163.100 Safari/537.36','Login','No'),(270,1,'2017-10-21 07:31:30',NULL,'122.166.96.24','Mozilla/5.0 (Windows NT 10.0; Win64; x64) AppleWebKit/537.36 (KHTML, like Gecko) Chrome/61.0.3163.100 Safari/537.36','Login','No'),(271,1,'2017-10-21 13:47:15',NULL,'117.249.128.97','Mozilla/5.0 (Linux; Android 5.1.1; Lenovo A6020a40 Build/LMY47V) AppleWebKit/537.36 (KHTML, like Gecko) Chrome/61.0.3163.98 Mobile Safari/537.36','Login','No'),(272,1,'2017-10-22 08:58:54',NULL,'82.152.36.99','Mozilla/5.0 (Macintosh; Intel Mac OS X 10_13_0) AppleWebKit/537.36 (KHTML, like Gecko) Chrome/61.0.3163.100 Safari/537.36','Login','No'),(273,1,'2017-10-22 09:00:46',NULL,'82.196.13.243','Mozilla/5.0 (Macintosh; Intel Mac OS X 10_12_6) AppleWebKit/537.36 (KHTML, like Gecko) Chrome/61.0.3163.100 Safari/537.36','Login','No'),(274,1,'2017-10-22 09:03:05',NULL,'82.152.36.99','Mozilla/5.0 (Macintosh; Intel Mac OS X 10_13_0) AppleWebKit/537.36 (KHTML, like Gecko) Chrome/61.0.3163.100 Safari/537.36','Login','No'),(275,1,'2017-10-22 09:03:31',NULL,'82.196.13.243','Mozilla/5.0 (Macintosh; Intel Mac OS X 10_12_6) AppleWebKit/537.36 (KHTML, like Gecko) Chrome/61.0.3163.100 Safari/537.36','Login','No'),(276,1,'2017-10-23 02:34:46',NULL,'202.83.47.48','Mozilla/5.0 (X11; Linux x86_64) AppleWebKit/537.36 (KHTML, like Gecko) Chrome/58.0.3029.81 Safari/537.36','Login','No'),(277,1,'2017-10-23 03:34:48',NULL,'113.193.253.114','Mozilla/5.0 (Windows NT 10.0; Win64; x64) AppleWebKit/537.36 (KHTML, like Gecko) Chrome/61.0.3163.100 Safari/537.36','Login','No'),(278,1,'2017-10-23 04:36:32',NULL,'113.193.253.114','Mozilla/5.0 (Windows NT 10.0; Win64; x64) AppleWebKit/537.36 (KHTML, like Gecko) Chrome/61.0.3163.100 Safari/537.36','Login','No'),(279,1,'2017-10-23 07:03:13',NULL,'122.166.96.24','Mozilla/5.0 (Windows NT 10.0; Win64; x64) AppleWebKit/537.36 (KHTML, like Gecko) Chrome/61.0.3163.100 Safari/537.36','Login','No'),(280,1,'2017-10-23 07:23:09',NULL,'122.166.96.24','Mozilla/5.0 (Windows NT 10.0; Win64; x64) AppleWebKit/537.36 (KHTML, like Gecko) Chrome/61.0.3163.100 Safari/537.36','Login','No'),(281,0,'2017-10-23 07:38:40',NULL,'122.166.96.24','','ShareLogin','No'),(282,0,'2017-10-23 07:39:10',NULL,'54.165.90.203','','ShareLogin','No'),(283,0,'2017-10-23 07:41:26',NULL,'122.166.96.24','','ShareLogin','No'),(284,0,'2017-10-23 07:41:59',NULL,'122.166.96.24','','ShareLogin','No'),(285,1,'2017-10-23 08:05:58',NULL,'113.193.253.114','Mozilla/5.0 (Windows NT 10.0; Win64; x64) AppleWebKit/537.36 (KHTML, like Gecko) Chrome/61.0.3163.100 Safari/537.36','Login','No'),(286,0,'2017-10-23 08:06:00',NULL,'122.166.96.24','','ShareLogin','No'),(287,1,'2017-10-23 08:07:18',NULL,'122.166.96.24','Mozilla/5.0 (Windows NT 10.0; Win64; x64) AppleWebKit/537.36 (KHTML, like Gecko) Chrome/61.0.3163.100 Safari/537.36','Login','No'),(288,120,'2017-10-23 08:08:24',NULL,'122.166.96.24','Mozilla/5.0 (Windows NT 10.0; Win64; x64) AppleWebKit/537.36 (KHTML, like Gecko) Chrome/61.0.3163.100 Safari/537.36','Login','No'),(289,0,'2017-10-23 08:08:43',NULL,'122.166.96.24','','ShareLogin','No'),(290,0,'2017-10-23 08:08:46',NULL,'122.166.96.24','','ShareLogin','No'),(291,1,'2017-10-23 09:02:06',NULL,'122.166.96.24','Mozilla/5.0 (Windows NT 10.0; Win64; x64) AppleWebKit/537.36 (KHTML, like Gecko) Chrome/61.0.3163.100 Safari/537.36','Login','No'),(292,1,'2017-10-23 09:21:58',NULL,'113.193.253.114','Mozilla/5.0 (Windows NT 10.0; Win64; x64) AppleWebKit/537.36 (KHTML, like Gecko) Chrome/61.0.3163.100 Safari/537.36','Login','No'),(293,1,'2017-10-23 09:30:45',NULL,'122.166.96.24','Mozilla/5.0 (X11; Linux x86_64) AppleWebKit/537.36 (KHTML, like Gecko) Chrome/58.0.3029.81 Safari/537.36','Login','No'),(294,1,'2017-10-23 09:31:17',NULL,'113.193.253.114','Mozilla/5.0 (Windows NT 10.0; Win64; x64) AppleWebKit/537.36 (KHTML, like Gecko) Chrome/61.0.3163.100 Safari/537.36','Login','No'),(295,0,'2017-10-23 19:18:27',NULL,'54.165.90.203','','ShareLogin','No'),(296,1,'2017-10-24 05:55:33',NULL,'113.193.253.114','Mozilla/5.0 (Windows NT 10.0; Win64; x64) AppleWebKit/537.36 (KHTML, like Gecko) Chrome/61.0.3163.100 Safari/537.36','Login','No'),(297,1,'2017-10-24 09:06:40',NULL,'122.166.96.24','Mozilla/5.0 (Windows NT 10.0; Win64; x64) AppleWebKit/537.36 (KHTML, like Gecko) Chrome/61.0.3163.100 Safari/537.36','Login','No'),(298,1,'2017-10-25 04:08:00',NULL,'202.83.47.48','Mozilla/5.0 (X11; Fedora; Linux x86_64; rv:38.0) Gecko/20100101 Firefox/38.0','Login','No'),(299,1,'2017-10-25 04:16:53',NULL,'122.166.96.24','Mozilla/5.0 (Windows NT 10.0; Win64; x64) AppleWebKit/537.36 (KHTML, like Gecko) Chrome/61.0.3163.100 Safari/537.36','Login','No'),(300,1,'2017-10-25 05:52:21',NULL,'202.83.47.48','Mozilla/5.0 (X11; Fedora; Linux x86_64; rv:38.0) Gecko/20100101 Firefox/38.0','Login','No'),(301,1,'2017-10-25 05:56:09',NULL,'113.193.253.114','Mozilla/5.0 (Windows NT 10.0; Win64; x64) AppleWebKit/537.36 (KHTML, like Gecko) Chrome/61.0.3163.100 Safari/537.36','Login','No'),(302,1,'2017-10-25 05:57:03',NULL,'202.83.47.48','Mozilla/5.0 (X11; Linux x86_64) AppleWebKit/537.36 (KHTML, like Gecko) Chrome/58.0.3029.81 Safari/537.36','Login','No'),(303,1,'2017-10-25 05:57:43',NULL,'122.166.96.24','Mozilla/5.0 (Windows NT 10.0; Win64; x64) AppleWebKit/537.36 (KHTML, like Gecko) Chrome/61.0.3163.100 Safari/537.36','Login','No'),(304,1,'2017-10-25 06:13:55',NULL,'202.83.47.48','Mozilla/5.0 (X11; Fedora; Linux x86_64; rv:38.0) Gecko/20100101 Firefox/38.0','Login','No'),(305,1,'2017-10-25 06:21:58',NULL,'113.193.253.114','Mozilla/5.0 (Macintosh; Intel Mac OS X 10_11_0) AppleWebKit/537.36 (KHTML, like Gecko) Chrome/61.0.3163.100 Safari/537.36','Login','No'),(306,1,'2017-10-25 06:29:04',NULL,'113.193.253.114','Mozilla/5.0 (Windows NT 10.0; Win64; x64) AppleWebKit/537.36 (KHTML, like Gecko) Chrome/61.0.3163.100 Safari/537.36','Login','No'),(307,1,'2017-10-25 06:33:19',NULL,'113.193.253.114','Mozilla/5.0 (Macintosh; Intel Mac OS X 10_11_0) AppleWebKit/537.36 (KHTML, like Gecko) Chrome/61.0.3163.100 Safari/537.36','Login','No'),(308,1,'2017-10-25 06:37:48',NULL,'122.166.96.24','Mozilla/5.0 (Windows NT 10.0; Win64; x64) AppleWebKit/537.36 (KHTML, like Gecko) Chrome/61.0.3163.100 Safari/537.36','Login','No'),(309,1,'2017-10-25 06:50:08',NULL,'122.166.96.24','Mozilla/5.0 (Windows NT 10.0; Win64; x64) AppleWebKit/537.36 (KHTML, like Gecko) Chrome/61.0.3163.100 Safari/537.36','Login','No'),(310,1,'2017-10-25 06:58:11',NULL,'122.166.96.24','Mozilla/5.0 (Windows NT 10.0; Win64; x64) AppleWebKit/537.36 (KHTML, like Gecko) Chrome/61.0.3163.100 Safari/537.36','Login','No'),(311,1,'2017-10-25 07:13:09',NULL,'122.166.96.24','Mozilla/5.0 (Windows NT 10.0; Win64; x64) AppleWebKit/537.36 (KHTML, like Gecko) Chrome/61.0.3163.100 Safari/537.36','Login','No'),(312,1,'2017-10-25 07:22:47',NULL,'122.166.96.24','Mozilla/5.0 (Windows NT 10.0; Win64; x64) AppleWebKit/537.36 (KHTML, like Gecko) Chrome/61.0.3163.100 Safari/537.36','Login','No'),(313,1,'2017-10-25 07:23:18',NULL,'122.166.96.24','Mozilla/5.0 (Windows NT 10.0; Win64; x64) AppleWebKit/537.36 (KHTML, like Gecko) Chrome/61.0.3163.100 Safari/537.36','Login','No'),(314,1,'2017-10-25 09:13:45',NULL,'116.68.96.197','Mozilla/5.0 (Windows NT 10.0; Win64; x64) AppleWebKit/537.36 (KHTML, like Gecko) Chrome/61.0.3163.100 Safari/537.36','Login','No'),(315,1,'2017-10-25 09:17:41',NULL,'116.68.96.197','Mozilla/5.0 (Windows NT 10.0; Win64; x64) AppleWebKit/537.36 (KHTML, like Gecko) Chrome/61.0.3163.100 Safari/537.36','Login','No'),(316,1,'2017-10-25 10:14:00',NULL,'116.68.96.197','Mozilla/5.0 (Windows NT 10.0; Win64; x64) AppleWebKit/537.36 (KHTML, like Gecko) Chrome/61.0.3163.100 Safari/537.36','Login','No'),(317,1,'2017-10-25 10:33:11',NULL,'116.68.96.197','Mozilla/5.0 (Windows NT 10.0; Win64; x64) AppleWebKit/537.36 (KHTML, like Gecko) Chrome/61.0.3163.100 Safari/537.36','Login','No'),(318,1,'2017-10-25 10:52:16',NULL,'113.193.253.114','Mozilla/5.0 (Windows NT 10.0; Win64; x64) AppleWebKit/537.36 (KHTML, like Gecko) Chrome/61.0.3163.100 Safari/537.36','Login','No'),(319,1,'2017-10-25 11:08:28',NULL,'202.83.47.48','Mozilla/5.0 (X11; Fedora; Linux x86_64; rv:38.0) Gecko/20100101 Firefox/38.0','Login','No'),(320,1,'2017-10-25 11:58:37',NULL,'113.193.253.114','Mozilla/5.0 (Windows NT 10.0; Win64; x64) AppleWebKit/537.36 (KHTML, like Gecko) Chrome/61.0.3163.100 Safari/537.36','Login','No'),(321,1,'2017-10-26 03:43:00',NULL,'116.68.96.197','Mozilla/5.0 (Windows NT 10.0; Win64; x64) AppleWebKit/537.36 (KHTML, like Gecko) Chrome/61.0.3163.100 Safari/537.36','Login','No'),(322,1,'2017-10-26 04:11:13',NULL,'122.166.96.24','Mozilla/5.0 (Windows NT 10.0; Win64; x64) AppleWebKit/537.36 (KHTML, like Gecko) Chrome/61.0.3163.100 Safari/537.36','Login','No'),(323,1,'2017-10-26 04:14:15',NULL,'122.166.96.24','Mozilla/5.0 (Windows NT 10.0; Win64; x64) AppleWebKit/537.36 (KHTML, like Gecko) Chrome/61.0.3163.100 Safari/537.36','Login','No'),(324,1,'2017-10-26 04:49:16',NULL,'122.166.96.24','Mozilla/5.0 (Windows NT 10.0; Win64; x64) AppleWebKit/537.36 (KHTML, like Gecko) Chrome/61.0.3163.100 Safari/537.36','Login','No'),(325,1,'2017-10-26 05:15:41',NULL,'116.68.96.197','Mozilla/5.0 (Windows NT 10.0; Win64; x64) AppleWebKit/537.36 (KHTML, like Gecko) Chrome/61.0.3163.100 Safari/537.36','Login','No'),(326,1,'2017-10-26 05:56:32',NULL,'116.68.96.197','Mozilla/5.0 (Windows NT 10.0; Win64; x64) AppleWebKit/537.36 (KHTML, like Gecko) Chrome/61.0.3163.100 Safari/537.36','Login','No'),(327,1,'2017-10-26 05:59:54',NULL,'116.68.96.197','Mozilla/5.0 (Windows NT 10.0; Win64; x64) AppleWebKit/537.36 (KHTML, like Gecko) Chrome/61.0.3163.100 Safari/537.36','Login','No'),(328,1,'2017-10-26 07:44:09',NULL,'113.193.253.114','Mozilla/5.0 (Windows NT 10.0; Win64; x64) AppleWebKit/537.36 (KHTML, like Gecko) Chrome/61.0.3163.100 Safari/537.36','Login','No'),(329,89,'2017-10-26 08:03:59',NULL,'113.193.253.114','Mozilla/5.0 (Windows NT 10.0; Win64; x64) AppleWebKit/537.36 (KHTML, like Gecko) Chrome/61.0.3163.100 Safari/537.36','Login','No'),(330,1,'2017-10-26 11:04:57',NULL,'113.193.253.114','Mozilla/5.0 (Windows NT 10.0; Win64; x64) AppleWebKit/537.36 (KHTML, like Gecko) Chrome/61.0.3163.100 Safari/537.36','Login','No'),(331,89,'2017-10-26 11:08:18',NULL,'113.193.253.114','Mozilla/5.0 (Windows NT 10.0; Win64; x64) AppleWebKit/537.36 (KHTML, like Gecko) Chrome/61.0.3163.100 Safari/537.36','Login','No'),(332,1,'2017-10-26 11:10:30',NULL,'116.68.96.197','Mozilla/5.0 (Windows NT 10.0; Win64; x64) AppleWebKit/537.36 (KHTML, like Gecko) Chrome/61.0.3163.100 Safari/537.36','Login','No'),(333,1,'2017-10-27 05:18:40',NULL,'116.68.96.197','Mozilla/5.0 (Windows NT 10.0; Win64; x64) AppleWebKit/537.36 (KHTML, like Gecko) Chrome/61.0.3163.100 Safari/537.36','Login','No'),(334,1,'2017-10-27 06:08:35',NULL,'113.193.253.114','Mozilla/5.0 (Windows NT 10.0; Win64; x64) AppleWebKit/537.36 (KHTML, like Gecko) Chrome/61.0.3163.100 Safari/537.36','Login','No'),(335,1,'2017-10-27 06:08:52',NULL,'113.193.253.114','Mozilla/5.0 (Windows NT 10.0; Win64; x64) AppleWebKit/537.36 (KHTML, like Gecko) Chrome/61.0.3163.100 Safari/537.36','Login','No'),(336,89,'2017-10-27 06:43:03',NULL,'116.68.96.197','Mozilla/5.0 (Windows NT 10.0; Win64; x64) AppleWebKit/537.36 (KHTML, like Gecko) Chrome/61.0.3163.100 Safari/537.36','Login','No'),(337,0,'2017-10-27 06:43:42',NULL,'116.68.96.197','','ShareLogin','No'),(338,89,'2017-10-27 06:45:29',NULL,'113.193.253.114','Mozilla/5.0 (Windows NT 10.0; Win64; x64) AppleWebKit/537.36 (KHTML, like Gecko) Chrome/61.0.3163.100 Safari/537.36','Login','No'),(339,89,'2017-10-27 06:51:44',NULL,'113.193.253.114','Mozilla/5.0 (Windows NT 10.0; Win64; x64) AppleWebKit/537.36 (KHTML, like Gecko) Chrome/61.0.3163.100 Safari/537.36','Login','No'),(340,0,'2017-10-27 07:11:49',NULL,'113.193.253.114','','ShareLogin','No'),(341,1,'2017-10-27 07:20:23',NULL,'113.193.253.114','Mozilla/5.0 (Windows NT 10.0; Win64; x64) AppleWebKit/537.36 (KHTML, like Gecko) Chrome/61.0.3163.100 Safari/537.36','Login','No'),(342,89,'2017-10-27 07:33:20',NULL,'113.193.253.114','Mozilla/5.0 (Windows NT 10.0; Win64; x64) AppleWebKit/537.36 (KHTML, like Gecko) Chrome/61.0.3163.100 Safari/537.36','Login','No'),(343,1,'2017-10-27 09:01:30',NULL,'116.68.96.197','Mozilla/5.0 (Windows NT 10.0; Win64; x64) AppleWebKit/537.36 (KHTML, like Gecko) Chrome/61.0.3163.100 Safari/537.36','Login','No'),(344,89,'2017-10-27 09:01:48',NULL,'116.68.96.197','Mozilla/5.0 (Windows NT 10.0; Win64; x64) AppleWebKit/537.36 (KHTML, like Gecko) Chrome/61.0.3163.100 Safari/537.36','Login','No'),(345,1,'2017-10-27 09:12:31',NULL,'202.83.47.48','Mozilla/5.0 (X11; Linux x86_64) AppleWebKit/537.36 (KHTML, like Gecko) Chrome/58.0.3029.81 Safari/537.36','Login','No'),(346,89,'2017-10-27 09:12:47',NULL,'202.83.47.48','Mozilla/5.0 (X11; Linux x86_64) AppleWebKit/537.36 (KHTML, like Gecko) Chrome/58.0.3029.81 Safari/537.36','Login','No'),(347,89,'2017-10-27 10:05:11',NULL,'113.193.253.114','Mozilla/5.0 (Windows NT 10.0; Win64; x64) AppleWebKit/537.36 (KHTML, like Gecko) Chrome/61.0.3163.100 Safari/537.36','Login','No'),(348,0,'2017-10-27 10:05:47',NULL,'113.193.253.114','','ShareLogin','No'),(349,0,'2017-10-27 10:06:12',NULL,'113.193.253.114','','ShareLogin','No'),(350,0,'2017-10-27 10:06:20',NULL,'113.193.253.114','','ShareLogin','No'),(351,0,'2017-10-27 10:06:24',NULL,'113.193.253.114','','ShareLogin','No'),(352,0,'2017-10-27 10:06:28',NULL,'113.193.253.114','','ShareLogin','No'),(353,0,'2017-10-27 10:06:34',NULL,'113.193.253.114','','ShareLogin','No'),(354,0,'2017-10-27 10:06:37',NULL,'113.193.253.114','','ShareLogin','No'),(355,0,'2017-10-27 10:06:43',NULL,'113.193.253.114','','ShareLogin','No'),(356,0,'2017-10-27 10:06:45',NULL,'113.193.253.114','','ShareLogin','No'),(357,0,'2017-10-27 10:06:47',NULL,'113.193.253.114','','ShareLogin','No'),(358,0,'2017-10-27 10:06:48',NULL,'113.193.253.114','','ShareLogin','No'),(359,89,'2017-10-27 10:08:17',NULL,'113.193.253.114','Mozilla/5.0 (Windows NT 10.0; Win64; x64) AppleWebKit/537.36 (KHTML, like Gecko) Chrome/61.0.3163.100 Safari/537.36','Login','No'),(360,0,'2017-10-27 10:09:53',NULL,'113.193.253.114','','ShareLogin','No'),(361,0,'2017-10-27 10:09:59',NULL,'113.193.253.114','','ShareLogin','No'),(362,0,'2017-10-27 10:10:13',NULL,'113.193.253.114','','ShareLogin','No'),(363,0,'2017-10-27 10:10:20',NULL,'113.193.253.114','','ShareLogin','No'),(364,0,'2017-10-27 10:11:44',NULL,'113.193.253.114','','ShareLogin','No'),(365,0,'2017-10-27 10:11:48',NULL,'113.193.253.114','','ShareLogin','No'),(366,1,'2017-10-27 10:12:31',NULL,'113.193.253.114','Mozilla/5.0 (Windows NT 10.0; Win64; x64) AppleWebKit/537.36 (KHTML, like Gecko) Chrome/61.0.3163.100 Safari/537.36','Login','No'),(367,0,'2017-10-27 10:15:44',NULL,'113.193.253.114','','ShareLogin','No'),(368,0,'2017-10-27 10:46:07',NULL,'113.193.253.114','','ShareLogin','No'),(369,0,'2017-10-27 10:48:02',NULL,'113.193.253.114','','ShareLogin','No'),(370,0,'2017-10-27 10:49:18',NULL,'113.193.253.114','','ShareLogin','No'),(371,89,'2017-10-27 10:49:56',NULL,'113.193.253.114','Mozilla/5.0 (Windows NT 10.0; Win64; x64) AppleWebKit/537.36 (KHTML, like Gecko) Chrome/61.0.3163.100 Safari/537.36','Login','No'),(372,89,'2017-10-27 11:22:52',NULL,'113.193.253.114','Mozilla/5.0 (Windows NT 10.0; Win64; x64) AppleWebKit/537.36 (KHTML, like Gecko) Chrome/61.0.3163.100 Safari/537.36','Login','No'),(373,0,'2017-10-27 11:24:14',NULL,'113.193.253.114','','ShareLogin','No'),(374,0,'2017-10-27 11:24:42',NULL,'113.193.253.114','','ShareLogin','No'),(375,0,'2017-10-27 11:24:54',NULL,'113.193.253.114','','ShareLogin','No'),(376,0,'2017-10-27 11:25:05',NULL,'113.193.253.114','','ShareLogin','No'),(377,1,'2017-10-27 11:50:55',NULL,'113.193.253.114','Mozilla/5.0 (Windows NT 10.0; Win64; x64) AppleWebKit/537.36 (KHTML, like Gecko) Chrome/61.0.3163.100 Safari/537.36','Update','No'),(378,1,'2017-10-27 11:52:32',NULL,'113.193.253.114','Mozilla/5.0 (Windows NT 10.0; Win64; x64) AppleWebKit/537.36 (KHTML, like Gecko) Chrome/61.0.3163.100 Safari/537.36','Update','No'),(379,1,'2017-10-27 11:58:13',NULL,'113.193.253.114','Mozilla/5.0 (Windows NT 10.0; Win64; x64) AppleWebKit/537.36 (KHTML, like Gecko) Chrome/61.0.3163.100 Safari/537.36','Update','No'),(380,1,'2017-10-27 11:58:59',NULL,'113.193.253.114','Mozilla/5.0 (Windows NT 10.0; Win64; x64) AppleWebKit/537.36 (KHTML, like Gecko) Chrome/61.0.3163.100 Safari/537.36','Login','No'),(381,89,'2017-10-27 12:00:32',NULL,'113.193.253.114','Mozilla/5.0 (Windows NT 10.0; Win64; x64) AppleWebKit/537.36 (KHTML, like Gecko) Chrome/61.0.3163.100 Safari/537.36','Update','No'),(382,89,'2017-10-27 12:00:42',NULL,'113.193.253.114','Mozilla/5.0 (Windows NT 10.0; Win64; x64) AppleWebKit/537.36 (KHTML, like Gecko) Chrome/61.0.3163.100 Safari/537.36','Login','No'),(383,91,'2017-10-27 12:01:10',NULL,'113.193.253.114','Mozilla/5.0 (Windows NT 10.0; Win64; x64) AppleWebKit/537.36 (KHTML, like Gecko) Chrome/61.0.3163.100 Safari/537.36','Update','No'),(384,91,'2017-10-27 12:01:45',NULL,'113.193.253.114','Mozilla/5.0 (Windows NT 10.0; Win64; x64) AppleWebKit/537.36 (KHTML, like Gecko) Chrome/61.0.3163.100 Safari/537.36','Update','No'),(385,91,'2017-10-27 12:02:39',NULL,'113.193.253.114','Mozilla/5.0 (Windows NT 10.0; Win64; x64) AppleWebKit/537.36 (KHTML, like Gecko) Chrome/61.0.3163.100 Safari/537.36','Update','No'),(386,91,'2017-10-27 12:03:36',NULL,'113.193.253.114','Mozilla/5.0 (Windows NT 10.0; Win64; x64) AppleWebKit/537.36 (KHTML, like Gecko) Chrome/61.0.3163.100 Safari/537.36','Update','No'),(387,91,'2017-10-27 12:03:49',NULL,'113.193.253.114','Mozilla/5.0 (Windows NT 10.0; Win64; x64) AppleWebKit/537.36 (KHTML, like Gecko) Chrome/61.0.3163.100 Safari/537.36','Login','No'),(388,120,'2017-10-27 12:04:21',NULL,'113.193.253.114','Mozilla/5.0 (Windows NT 10.0; Win64; x64) AppleWebKit/537.36 (KHTML, like Gecko) Chrome/61.0.3163.100 Safari/537.36','Update','No'),(389,120,'2017-10-27 12:04:28',NULL,'113.193.253.114','Mozilla/5.0 (Windows NT 10.0; Win64; x64) AppleWebKit/537.36 (KHTML, like Gecko) Chrome/61.0.3163.100 Safari/537.36','Login','No'),(390,122,'2017-10-27 12:06:25',NULL,'113.193.253.114','Mozilla/5.0 (Windows NT 10.0; Win64; x64) AppleWebKit/537.36 (KHTML, like Gecko) Chrome/61.0.3163.100 Safari/537.36','Login','No'),(391,122,'2017-10-27 12:07:06',NULL,'113.193.253.114','Mozilla/5.0 (Windows NT 10.0; Win64; x64) AppleWebKit/537.36 (KHTML, like Gecko) Chrome/61.0.3163.100 Safari/537.36','Update','No'),(392,122,'2017-10-27 12:07:42',NULL,'113.193.253.114','Mozilla/5.0 (Windows NT 10.0; Win64; x64) AppleWebKit/537.36 (KHTML, like Gecko) Chrome/61.0.3163.100 Safari/537.36','Update','No'),(393,122,'2017-10-27 12:08:12',NULL,'113.193.253.114','Mozilla/5.0 (Windows NT 10.0; Win64; x64) AppleWebKit/537.36 (KHTML, like Gecko) Chrome/61.0.3163.100 Safari/537.36','Update','No'),(394,122,'2017-10-27 12:08:22',NULL,'113.193.253.114','Mozilla/5.0 (Windows NT 10.0; Win64; x64) AppleWebKit/537.36 (KHTML, like Gecko) Chrome/61.0.3163.100 Safari/537.36','Login','No'),(395,122,'2017-10-27 12:09:04',NULL,'113.193.253.114','Mozilla/5.0 (Windows NT 10.0; Win64; x64) AppleWebKit/537.36 (KHTML, like Gecko) Chrome/61.0.3163.100 Safari/537.36','Update','No'),(396,122,'2017-10-27 12:09:55',NULL,'113.193.253.114','Mozilla/5.0 (Windows NT 10.0; Win64; x64) AppleWebKit/537.36 (KHTML, like Gecko) Chrome/61.0.3163.100 Safari/537.36','Update','No'),(397,122,'2017-10-27 12:10:33',NULL,'113.193.253.114','Mozilla/5.0 (Windows NT 10.0; Win64; x64) AppleWebKit/537.36 (KHTML, like Gecko) Chrome/61.0.3163.100 Safari/537.36','Update','No'),(398,122,'2017-10-27 12:13:52',NULL,'113.193.253.114','Mozilla/5.0 (Windows NT 10.0; Win64; x64) AppleWebKit/537.36 (KHTML, like Gecko) Chrome/61.0.3163.100 Safari/537.36','Update','No'),(399,1,'2017-10-27 12:15:00',NULL,'113.193.253.114','Mozilla/5.0 (Windows NT 10.0; Win64; x64) AppleWebKit/537.36 (KHTML, like Gecko) Chrome/61.0.3163.100 Safari/537.36','Update','No'),(400,0,'2017-10-28 03:33:35',NULL,'113.193.253.114','','ShareLogin','No'),(401,89,'2017-10-28 04:25:46',NULL,'113.193.253.114','Mozilla/5.0 (Windows NT 10.0; Win64; x64) AppleWebKit/537.36 (KHTML, like Gecko) Chrome/61.0.3163.100 Safari/537.36','Login','No'),(402,1,'2017-10-28 04:25:55',NULL,'113.193.253.114','Mozilla/5.0 (Windows NT 10.0; Win64; x64) AppleWebKit/537.36 (KHTML, like Gecko) Chrome/61.0.3163.100 Safari/537.36','Login','No'),(403,1,'2017-10-28 04:26:11',NULL,'113.193.253.114','Mozilla/5.0 (Windows NT 10.0; Win64; x64) AppleWebKit/537.36 (KHTML, like Gecko) Chrome/61.0.3163.100 Safari/537.36','Login','No'),(404,1,'2017-10-28 04:26:34',NULL,'116.68.96.197','Mozilla/5.0 (Windows NT 10.0; Win64; x64) AppleWebKit/537.36 (KHTML, like Gecko) Chrome/61.0.3163.100 Safari/537.36','Login','No'),(405,1,'2017-10-28 04:28:20',NULL,'116.68.96.197','Mozilla/5.0 (Windows NT 10.0; Win64; x64) AppleWebKit/537.36 (KHTML, like Gecko) Chrome/61.0.3163.100 Safari/537.36','Login','No'),(406,1,'2017-10-28 04:28:41',NULL,'113.193.253.114','Mozilla/5.0 (Windows NT 10.0; Win64; x64) AppleWebKit/537.36 (KHTML, like Gecko) Chrome/61.0.3163.100 Safari/537.36','Login','No'),(407,89,'2017-10-28 04:49:28',NULL,'116.68.96.197','Mozilla/5.0 (Windows NT 10.0; Win64; x64) AppleWebKit/537.36 (KHTML, like Gecko) Chrome/61.0.3163.100 Safari/537.36','Login','No'),(408,0,'2017-10-28 05:16:33',NULL,'113.193.253.114','','ShareLogin','No'),(409,89,'2017-10-28 05:17:03',NULL,'113.193.253.114','Mozilla/5.0 (Windows NT 10.0; Win64; x64) AppleWebKit/537.36 (KHTML, like Gecko) Chrome/61.0.3163.100 Safari/537.36','Login','No'),(410,91,'2017-10-28 05:17:21',NULL,'113.193.253.114','Mozilla/5.0 (Windows NT 10.0; Win64; x64) AppleWebKit/537.36 (KHTML, like Gecko) Chrome/61.0.3163.100 Safari/537.36','Login','No'),(411,89,'2017-10-28 05:18:11',NULL,'113.193.253.114','Mozilla/5.0 (Windows NT 10.0; Win64; x64) AppleWebKit/537.36 (KHTML, like Gecko) Chrome/61.0.3163.100 Safari/537.36','Login','No'),(412,1,'2017-10-28 05:56:44',NULL,'113.193.253.114','Mozilla/5.0 (Windows NT 10.0; Win64; x64) AppleWebKit/537.36 (KHTML, like Gecko) Chrome/61.0.3163.100 Safari/537.36','Login','No'),(413,89,'2017-10-28 05:56:52',NULL,'113.193.253.114','Mozilla/5.0 (Windows NT 10.0; Win64; x64) AppleWebKit/537.36 (KHTML, like Gecko) Chrome/61.0.3163.100 Safari/537.36','Login','No'),(414,1,'2017-10-28 05:57:12',NULL,'113.193.253.114','Mozilla/5.0 (Windows NT 10.0; Win64; x64) AppleWebKit/537.36 (KHTML, like Gecko) Chrome/61.0.3163.100 Safari/537.36','Login','No'),(415,89,'2017-10-28 05:57:34',NULL,'113.193.253.114','Mozilla/5.0 (Windows NT 10.0; Win64; x64) AppleWebKit/537.36 (KHTML, like Gecko) Chrome/61.0.3163.100 Safari/537.36','Login','No'),(416,1,'2017-10-28 05:57:48',NULL,'113.193.253.114','Mozilla/5.0 (Windows NT 10.0; Win64; x64) AppleWebKit/537.36 (KHTML, like Gecko) Chrome/61.0.3163.100 Safari/537.36','Login','No'),(417,89,'2017-10-28 05:58:05',NULL,'113.193.253.114','Mozilla/5.0 (Windows NT 10.0; Win64; x64) AppleWebKit/537.36 (KHTML, like Gecko) Chrome/61.0.3163.100 Safari/537.36','Login','No'),(418,1,'2017-10-28 05:58:16',NULL,'113.193.253.114','Mozilla/5.0 (Windows NT 10.0; Win64; x64) AppleWebKit/537.36 (KHTML, like Gecko) Chrome/61.0.3163.100 Safari/537.36','Login','No'),(419,89,'2017-10-28 05:58:48',NULL,'113.193.253.114','Mozilla/5.0 (Windows NT 10.0; Win64; x64) AppleWebKit/537.36 (KHTML, like Gecko) Chrome/61.0.3163.100 Safari/537.36','Login','No'),(420,1,'2017-10-28 05:58:59',NULL,'113.193.253.114','Mozilla/5.0 (Windows NT 10.0; Win64; x64) AppleWebKit/537.36 (KHTML, like Gecko) Chrome/61.0.3163.100 Safari/537.36','Login','No'),(421,1,'2017-10-28 05:59:50',NULL,'113.193.253.114','Mozilla/5.0 (Windows NT 10.0; Win64; x64) AppleWebKit/537.36 (KHTML, like Gecko) Chrome/61.0.3163.100 Safari/537.36','Login','No'),(422,89,'2017-10-28 06:12:55',NULL,'113.193.253.114','Mozilla/5.0 (Windows NT 10.0; Win64; x64) AppleWebKit/537.36 (KHTML, like Gecko) Chrome/61.0.3163.100 Safari/537.36','Login','No'),(423,1,'2017-10-28 06:28:03',NULL,'113.193.253.114','Mozilla/5.0 (Windows NT 10.0; Win64; x64) AppleWebKit/537.36 (KHTML, like Gecko) Chrome/61.0.3163.100 Safari/537.36','Login','No'),(424,89,'2017-10-30 04:38:37',NULL,'116.68.96.197','Mozilla/5.0 (Windows NT 10.0; Win64; x64) AppleWebKit/537.36 (KHTML, like Gecko) Chrome/61.0.3163.100 Safari/537.36','Login','No'),(425,89,'2017-10-30 07:36:18',NULL,'113.193.253.114','Mozilla/5.0 (Windows NT 10.0; Win64; x64) AppleWebKit/537.36 (KHTML, like Gecko) Chrome/61.0.3163.100 Safari/537.36','Login','No'),(426,0,'2017-10-30 07:36:53',NULL,'113.193.253.114','','ShareLogin','No'),(427,89,'2017-10-30 07:39:13',NULL,'113.193.253.114','Mozilla/5.0 (Windows NT 10.0; Win64; x64) AppleWebKit/537.36 (KHTML, like Gecko) Chrome/61.0.3163.100 Safari/537.36','Login','No'),(428,1,'2017-10-30 08:01:52',NULL,'202.83.47.48','Mozilla/5.0 (X11; Linux x86_64) AppleWebKit/537.36 (KHTML, like Gecko) Chrome/58.0.3029.81 Safari/537.36','Login','No'),(429,89,'2017-10-30 08:02:15',NULL,'202.83.47.48','Mozilla/5.0 (X11; Linux x86_64) AppleWebKit/537.36 (KHTML, like Gecko) Chrome/58.0.3029.81 Safari/537.36','Login','No'),(430,1,'2017-10-30 08:03:00',NULL,'202.83.47.48','Mozilla/5.0 (X11; Linux x86_64) AppleWebKit/537.36 (KHTML, like Gecko) Chrome/58.0.3029.81 Safari/537.36','Login','No'),(431,0,'2017-10-30 08:15:52',NULL,'113.193.253.114','','ShareLogin','No'),(432,1,'2017-10-30 08:41:50',NULL,'116.68.96.197','Mozilla/5.0 (Windows NT 10.0; Win64; x64) AppleWebKit/537.36 (KHTML, like Gecko) Chrome/61.0.3163.100 Safari/537.36','Login','No'),(433,1,'2017-10-30 08:46:53',NULL,'116.68.96.197','Mozilla/5.0 (Windows NT 10.0; Win64; x64) AppleWebKit/537.36 (KHTML, like Gecko) Chrome/61.0.3163.100 Safari/537.36','Login','No'),(434,89,'2017-10-30 08:55:08',NULL,'116.68.96.197','Mozilla/5.0 (Windows NT 10.0; Win64; x64) AppleWebKit/537.36 (KHTML, like Gecko) Chrome/61.0.3163.100 Safari/537.36','Login','No'),(435,1,'2017-10-30 08:59:07',NULL,'116.68.96.197','Mozilla/5.0 (Windows NT 10.0; Win64; x64) AppleWebKit/537.36 (KHTML, like Gecko) Chrome/61.0.3163.100 Safari/537.36','Login','No'),(436,1,'2017-10-30 09:03:26',NULL,'116.68.96.197','Mozilla/5.0 (Windows NT 10.0; Win64; x64) AppleWebKit/537.36 (KHTML, like Gecko) Chrome/61.0.3163.100 Safari/537.36','Login','No'),(437,1,'2017-10-30 09:05:17',NULL,'116.68.96.197','Mozilla/5.0 (Windows NT 10.0; Win64; x64) AppleWebKit/537.36 (KHTML, like Gecko) Chrome/61.0.3163.100 Safari/537.36','Login','No'),(438,89,'2017-10-30 09:06:03',NULL,'116.68.96.197','Mozilla/5.0 (Windows NT 10.0; Win64; x64) AppleWebKit/537.36 (KHTML, like Gecko) Chrome/61.0.3163.100 Safari/537.36','Login','No'),(439,1,'2017-10-30 09:06:25',NULL,'116.68.96.197','Mozilla/5.0 (Windows NT 10.0; Win64; x64) AppleWebKit/537.36 (KHTML, like Gecko) Chrome/61.0.3163.100 Safari/537.36','Login','No'),(440,1,'2017-10-30 09:12:11',NULL,'116.68.96.197','Mozilla/5.0 (Windows NT 10.0; Win64; x64) AppleWebKit/537.36 (KHTML, like Gecko) Chrome/61.0.3163.100 Safari/537.36','Login','No'),(441,1,'2017-10-30 09:14:36',NULL,'116.68.96.197','Mozilla/5.0 (Windows NT 10.0; Win64; x64) AppleWebKit/537.36 (KHTML, like Gecko) Chrome/61.0.3163.100 Safari/537.36','Login','No'),(442,1,'2017-10-30 09:22:47',NULL,'116.68.96.197','Mozilla/5.0 (Windows NT 10.0; Win64; x64) AppleWebKit/537.36 (KHTML, like Gecko) Chrome/61.0.3163.100 Safari/537.36','Login','No'),(443,1,'2017-10-30 09:25:42',NULL,'116.68.96.197','Mozilla/5.0 (Windows NT 10.0; Win64; x64) AppleWebKit/537.36 (KHTML, like Gecko) Chrome/61.0.3163.100 Safari/537.36','Login','No'),(444,1,'2017-10-30 09:29:14',NULL,'116.68.96.197','Mozilla/5.0 (Windows NT 10.0; Win64; x64) AppleWebKit/537.36 (KHTML, like Gecko) Chrome/61.0.3163.100 Safari/537.36','Login','No'),(445,1,'2017-10-30 09:33:24',NULL,'116.68.96.197','Mozilla/5.0 (Windows NT 10.0; Win64; x64) AppleWebKit/537.36 (KHTML, like Gecko) Chrome/61.0.3163.100 Safari/537.36','Login','No'),(446,0,'2017-10-30 09:59:34',NULL,'116.68.96.197','','ShareLogin','No'),(447,0,'2017-10-30 10:04:34',NULL,'116.68.96.197','','ShareLogin','No'),(448,0,'2017-10-30 10:04:39',NULL,'116.68.96.197','','ShareLogin','No'),(449,0,'2017-10-30 10:04:42',NULL,'116.68.96.197','','ShareLogin','No'),(450,0,'2017-10-30 10:04:50',NULL,'116.68.96.197','','ShareLogin','No'),(451,0,'2017-10-30 10:04:57',NULL,'116.68.96.197','','ShareLogin','No'),(452,0,'2017-10-30 10:04:58',NULL,'159.203.196.79','','ShareLogin','No'),(453,0,'2017-10-30 10:05:05',NULL,'116.68.96.197','','ShareLogin','No'),(454,89,'2017-10-30 10:05:32',NULL,'116.68.96.197','Mozilla/5.0 (Windows NT 10.0; Win64; x64) AppleWebKit/537.36 (KHTML, like Gecko) Chrome/61.0.3163.100 Safari/537.36','Login','No'),(455,0,'2017-10-30 10:06:36',NULL,'113.193.253.114','','ShareLogin','No'),(456,0,'2017-10-30 10:06:53',NULL,'113.193.253.114','','ShareLogin','No'),(457,0,'2017-10-30 10:07:13',NULL,'113.193.253.114','','ShareLogin','No'),(458,0,'2017-10-30 10:09:23',NULL,'113.193.253.114','','ShareLogin','No'),(459,0,'2017-10-30 10:09:29',NULL,'113.193.253.114','','ShareLogin','No'),(460,0,'2017-10-30 10:09:31',NULL,'113.193.253.114','','ShareLogin','No'),(461,0,'2017-10-30 10:10:00',NULL,'113.193.253.114','','ShareLogin','No'),(462,0,'2017-10-30 10:10:03',NULL,'113.193.253.114','','ShareLogin','No'),(463,0,'2017-10-30 10:10:09',NULL,'113.193.253.114','','ShareLogin','No'),(464,89,'2017-10-30 10:10:28',NULL,'113.193.253.114','Mozilla/5.0 (Windows NT 10.0; Win64; x64) AppleWebKit/537.36 (KHTML, like Gecko) Chrome/61.0.3163.100 Safari/537.36','Login','No'),(465,89,'2017-10-30 10:11:12',NULL,'113.193.253.114','Mozilla/5.0 (Windows NT 10.0; Win64; x64) AppleWebKit/537.36 (KHTML, like Gecko) Chrome/61.0.3163.100 Safari/537.36','Login','No'),(466,0,'2017-10-30 10:12:59',NULL,'113.193.253.114','','ShareLogin','No'),(467,0,'2017-10-30 10:13:24',NULL,'113.193.253.114','','ShareLogin','No'),(468,0,'2017-10-30 10:13:26',NULL,'113.193.253.114','','ShareLogin','No'),(469,0,'2017-10-30 10:13:28',NULL,'113.193.253.114','','ShareLogin','No'),(470,0,'2017-10-30 10:21:01',NULL,'113.193.253.114','','ShareLogin','No'),(471,0,'2017-10-30 10:21:39',NULL,'113.193.253.114','','ShareLogin','No'),(472,0,'2017-10-30 10:22:19',NULL,'113.193.253.114','','ShareLogin','No'),(473,1,'2017-10-30 10:28:58',NULL,'202.83.47.48','Mozilla/5.0 (X11; Linux x86_64) AppleWebKit/537.36 (KHTML, like Gecko) Chrome/58.0.3029.81 Safari/537.36','Login','No'),(474,1,'2017-10-30 10:39:08',NULL,'113.193.253.114','Mozilla/5.0 (Windows NT 10.0; Win64; x64) AppleWebKit/537.36 (KHTML, like Gecko) Chrome/61.0.3163.100 Safari/537.36','Login','No'),(475,0,'2017-10-30 11:07:05',NULL,'113.193.253.114','','ShareLogin','No'),(476,0,'2017-10-30 11:24:59',NULL,'113.193.253.114','','ShareLogin','No'),(477,0,'2017-10-30 11:25:02',NULL,'113.193.253.114','','ShareLogin','No'),(478,0,'2017-10-30 11:25:05',NULL,'113.193.253.114','','ShareLogin','No'),(479,0,'2017-10-30 11:25:10',NULL,'113.193.253.114','','ShareLogin','No'),(480,0,'2017-10-30 11:25:14',NULL,'113.193.253.114','','ShareLogin','No'),(481,0,'2017-10-30 11:25:19',NULL,'113.193.253.114','','ShareLogin','No'),(482,0,'2017-10-30 11:25:25',NULL,'113.193.253.114','','ShareLogin','No'),(483,0,'2017-10-30 11:25:41',NULL,'113.193.253.114','','ShareLogin','No'),(484,0,'2017-10-30 11:26:08',NULL,'113.193.253.114','','ShareLogin','No'),(485,89,'2017-10-30 11:30:20',NULL,'113.193.253.114','Mozilla/5.0 (Windows NT 10.0; Win64; x64) AppleWebKit/537.36 (KHTML, like Gecko) Chrome/61.0.3163.100 Safari/537.36','Login','No'),(486,0,'2017-10-30 12:13:00',NULL,'113.193.253.114','','ShareLogin','No'),(487,89,'2017-10-30 12:21:23',NULL,'113.193.253.114','Mozilla/5.0 (Windows NT 10.0; Win64; x64) AppleWebKit/537.36 (KHTML, like Gecko) Chrome/61.0.3163.100 Safari/537.36','Login','No'),(488,0,'2017-10-30 12:22:25',NULL,'113.193.253.114','','ShareLogin','No'),(489,0,'2017-10-30 12:22:29',NULL,'113.193.253.114','','ShareLogin','No'),(490,0,'2017-10-30 12:22:33',NULL,'113.193.253.114','','ShareLogin','No'),(491,0,'2017-10-30 12:23:05',NULL,'113.193.253.114','','ShareLogin','No'),(492,0,'2017-10-30 12:23:23',NULL,'113.193.253.114','','ShareLogin','No'),(493,0,'2017-10-30 12:23:42',NULL,'113.193.253.114','','ShareLogin','No'),(494,0,'2017-10-30 12:24:03',NULL,'113.193.253.114','','ShareLogin','No'),(495,89,'2017-10-30 12:26:19',NULL,'113.193.253.114','Mozilla/5.0 (Windows NT 10.0; Win64; x64) AppleWebKit/537.36 (KHTML, like Gecko) Chrome/61.0.3163.100 Safari/537.36','Login','No'),(496,0,'2017-10-30 12:26:54',NULL,'113.193.253.114','','ShareLogin','No'),(497,1,'2017-10-31 02:51:38',NULL,'202.83.47.48','Mozilla/5.0 (X11; Linux x86_64) AppleWebKit/537.36 (KHTML, like Gecko) Chrome/58.0.3029.81 Safari/537.36','Login','No'),(498,89,'2017-10-31 02:54:58',NULL,'202.83.47.48','Mozilla/5.0 (X11; Linux x86_64) AppleWebKit/537.36 (KHTML, like Gecko) Chrome/58.0.3029.81 Safari/537.36','Login','No'),(499,89,'2017-10-31 03:01:56',NULL,'202.83.47.48','Mozilla/5.0 (X11; Linux x86_64) AppleWebKit/537.36 (KHTML, like Gecko) Chrome/58.0.3029.81 Safari/537.36','Login','No'),(500,89,'2017-10-31 03:43:42',NULL,'113.193.253.114','Mozilla/5.0 (Windows NT 10.0; Win64; x64) AppleWebKit/537.36 (KHTML, like Gecko) Chrome/61.0.3163.100 Safari/537.36','Login','No'),(501,1,'2017-10-31 03:44:14',NULL,'113.193.253.114','Mozilla/5.0 (Windows NT 10.0; Win64; x64) AppleWebKit/537.36 (KHTML, like Gecko) Chrome/61.0.3163.100 Safari/537.36','Login','No'),(502,89,'2017-10-31 03:45:44',NULL,'113.193.253.114','Mozilla/5.0 (Windows NT 10.0; Win64; x64) AppleWebKit/537.36 (KHTML, like Gecko) Chrome/61.0.3163.100 Safari/537.36','Login','No'),(503,89,'2017-10-31 03:47:05',NULL,'113.193.253.114','Mozilla/5.0 (Windows NT 10.0; Win64; x64) AppleWebKit/537.36 (KHTML, like Gecko) Chrome/61.0.3163.100 Safari/537.36','Login','No'),(504,1,'2017-10-31 03:48:32',NULL,'113.193.253.114','Mozilla/5.0 (Windows NT 10.0; Win64; x64) AppleWebKit/537.36 (KHTML, like Gecko) Chrome/61.0.3163.100 Safari/537.36','Login','No'),(505,0,'2017-10-31 03:48:49',NULL,'113.193.253.114','','ShareLogin','No'),(506,0,'2017-10-31 03:48:56',NULL,'113.193.253.114','','ShareLogin','No'),(507,0,'2017-10-31 03:48:57',NULL,'113.193.253.114','','ShareLogin','No'),(508,0,'2017-10-31 03:49:00',NULL,'113.193.253.114','','ShareLogin','No'),(509,89,'2017-10-31 03:49:12',NULL,'113.193.253.114','Mozilla/5.0 (Windows NT 10.0; Win64; x64) AppleWebKit/537.36 (KHTML, like Gecko) Chrome/61.0.3163.100 Safari/537.36','Login','No'),(510,1,'2017-10-31 03:50:31',NULL,'116.68.96.197','Mozilla/5.0 (Windows NT 10.0; Win64; x64) AppleWebKit/537.36 (KHTML, like Gecko) Chrome/61.0.3163.100 Safari/537.36','Login','No'),(511,1,'2017-10-31 03:54:10',NULL,'116.68.96.197','Mozilla/5.0 (Windows NT 10.0; WOW64; rv:47.0) Gecko/20100101 Firefox/47.0','Login','No'),(512,1,'2017-10-31 03:59:59',NULL,'116.68.96.197','Mozilla/5.0 (Windows NT 10.0; WOW64; rv:47.0) Gecko/20100101 Firefox/47.0','Login','No'),(513,0,'2017-10-31 04:08:23',NULL,'113.193.253.114','','ShareLogin','No'),(514,0,'2017-10-31 04:08:28',NULL,'113.193.253.114','','ShareLogin','No'),(515,0,'2017-10-31 04:08:33',NULL,'113.193.253.114','','ShareLogin','No'),(516,89,'2017-10-31 04:09:24',NULL,'113.193.253.114','Mozilla/5.0 (Windows NT 10.0; Win64; x64) AppleWebKit/537.36 (KHTML, like Gecko) Chrome/61.0.3163.100 Safari/537.36','Login','No'),(517,0,'2017-10-31 04:10:05',NULL,'113.193.253.114','','ShareLogin','No'),(518,1,'2017-10-31 04:15:00',NULL,'113.193.253.114','Mozilla/5.0 (Windows NT 10.0; Win64; x64) AppleWebKit/537.36 (KHTML, like Gecko) Chrome/61.0.3163.100 Safari/537.36','Login','No'),(519,89,'2017-10-31 04:18:03',NULL,'113.193.253.114','Mozilla/5.0 (Windows NT 10.0; Win64; x64; rv:56.0) Gecko/20100101 Firefox/56.0','Login','No'),(520,89,'2017-10-31 04:22:51',NULL,'116.68.96.197','Mozilla/5.0 (Windows NT 10.0; WOW64; rv:47.0) Gecko/20100101 Firefox/47.0','Login','No'),(521,1,'2017-10-31 04:33:55',NULL,'113.193.253.114','Mozilla/5.0 (Windows NT 10.0; Win64; x64) AppleWebKit/537.36 (KHTML, like Gecko) Chrome/61.0.3163.100 Safari/537.36','Login','No'),(522,1,'2017-10-31 04:33:55',NULL,'113.193.253.114','Mozilla/5.0 (Windows NT 10.0; Win64; x64) AppleWebKit/537.36 (KHTML, like Gecko) Chrome/61.0.3163.100 Safari/537.36','Login','No'),(523,89,'2017-10-31 04:41:48',NULL,'113.193.253.114','Mozilla/5.0 (Windows NT 10.0; Win64; x64) AppleWebKit/537.36 (KHTML, like Gecko) Chrome/61.0.3163.100 Safari/537.36','Login','No'),(524,1,'2017-10-31 04:42:34',NULL,'113.193.253.114','Mozilla/5.0 (Windows NT 10.0; Win64; x64) AppleWebKit/537.36 (KHTML, like Gecko) Chrome/61.0.3163.100 Safari/537.36','Login','No'),(525,89,'2017-10-31 04:43:27',NULL,'113.193.253.114','Mozilla/5.0 (Windows NT 10.0; Win64; x64) AppleWebKit/537.36 (KHTML, like Gecko) Chrome/61.0.3163.100 Safari/537.36','Login','No'),(526,1,'2017-10-31 04:51:21',NULL,'113.193.253.114','Mozilla/5.0 (Windows NT 10.0; Win64; x64) AppleWebKit/537.36 (KHTML, like Gecko) Chrome/61.0.3163.100 Safari/537.36','Login','No'),(527,89,'2017-10-31 04:55:33',NULL,'113.193.253.114','Mozilla/5.0 (Windows NT 10.0; Win64; x64) AppleWebKit/537.36 (KHTML, like Gecko) Chrome/61.0.3163.100 Safari/537.36','Login','No'),(528,1,'2017-10-31 05:01:28',NULL,'116.68.96.197','Mozilla/5.0 (Windows NT 10.0; Win64; x64) AppleWebKit/537.36 (KHTML, like Gecko) Chrome/61.0.3163.100 Safari/537.36','Login','No'),(529,1,'2017-10-31 05:02:57',NULL,'116.68.96.197','Mozilla/5.0 (Windows NT 10.0; Win64; x64) AppleWebKit/537.36 (KHTML, like Gecko) Chrome/61.0.3163.100 Safari/537.36','Login','No'),(530,1,'2017-10-31 05:04:41',NULL,'113.193.253.114','Mozilla/5.0 (Windows NT 10.0; Win64; x64) AppleWebKit/537.36 (KHTML, like Gecko) Chrome/61.0.3163.100 Safari/537.36','Login','No'),(531,1,'2017-10-31 05:10:16',NULL,'113.193.253.114','Mozilla/5.0 (Windows NT 10.0; Win64; x64) AppleWebKit/537.36 (KHTML, like Gecko) Chrome/61.0.3163.100 Safari/537.36','Login','No'),(532,89,'2017-10-31 05:10:47',NULL,'116.68.96.197','Mozilla/5.0 (Windows NT 10.0; Win64; x64) AppleWebKit/537.36 (KHTML, like Gecko) Chrome/61.0.3163.100 Safari/537.36','Login','No'),(533,89,'2017-10-31 05:16:21',NULL,'202.83.47.48','Mozilla/5.0 (X11; Linux x86_64) AppleWebKit/537.36 (KHTML, like Gecko) Chrome/58.0.3029.81 Safari/537.36','Login','No'),(534,1,'2017-10-31 05:23:33',NULL,'106.51.30.2','Mozilla/5.0 (Macintosh; Intel Mac OS X 10_13) AppleWebKit/604.1.38 (KHTML, like Gecko) Version/11.0 Safari/604.1.38','Login','No'),(535,1,'2017-10-31 05:23:44',NULL,'202.83.47.48','Mozilla/5.0 (X11; Linux x86_64) AppleWebKit/537.36 (KHTML, like Gecko) Chrome/58.0.3029.81 Safari/537.36','Login','No'),(536,89,'2017-10-31 05:34:56',NULL,'202.83.47.48','Mozilla/5.0 (X11; Linux x86_64) AppleWebKit/537.36 (KHTML, like Gecko) Chrome/58.0.3029.81 Safari/537.36','Login','No'),(537,1,'2017-10-31 05:47:22',NULL,'116.68.96.197','Mozilla/5.0 (Windows NT 10.0; Win64; x64) AppleWebKit/537.36 (KHTML, like Gecko) Chrome/61.0.3163.100 Safari/537.36','Login','No'),(538,89,'2017-10-31 05:47:37',NULL,'113.193.253.114','Mozilla/5.0 (Windows NT 10.0; Win64; x64) AppleWebKit/537.36 (KHTML, like Gecko) Chrome/61.0.3163.100 Safari/537.36','Login','No'),(539,1,'2017-10-31 06:02:24',NULL,'113.193.253.114','Mozilla/5.0 (Windows NT 10.0; Win64; x64) AppleWebKit/537.36 (KHTML, like Gecko) Chrome/61.0.3163.100 Safari/537.36','Login','No'),(540,1,'2017-10-31 06:07:09',NULL,'113.193.253.114','Mozilla/5.0 (Windows NT 10.0; Win64; x64) AppleWebKit/537.36 (KHTML, like Gecko) Chrome/61.0.3163.100 Safari/537.36','Login','No'),(541,1,'2017-10-31 06:21:24',NULL,'116.68.96.197','Mozilla/5.0 (Windows NT 10.0; Win64; x64) AppleWebKit/537.36 (KHTML, like Gecko) Chrome/61.0.3163.100 Safari/537.36','Login','No'),(542,1,'2017-10-31 06:23:07',NULL,'116.68.96.197','Mozilla/5.0 (Windows NT 10.0; Win64; x64) AppleWebKit/537.36 (KHTML, like Gecko) Chrome/61.0.3163.100 Safari/537.36','Login','No'),(543,1,'2017-10-31 06:56:09',NULL,'113.193.253.114','Mozilla/5.0 (Windows NT 10.0; Win64; x64) AppleWebKit/537.36 (KHTML, like Gecko) Chrome/61.0.3163.100 Safari/537.36','Login','No'),(544,1,'2017-10-31 07:36:33',NULL,'113.193.253.114','Mozilla/5.0 (Windows NT 10.0; Win64; x64) AppleWebKit/537.36 (KHTML, like Gecko) Chrome/61.0.3163.100 Safari/537.36','Login','No'),(545,1,'2017-10-31 07:44:32',NULL,'116.68.96.197','Mozilla/5.0 (Windows NT 10.0; Win64; x64) AppleWebKit/537.36 (KHTML, like Gecko) Chrome/61.0.3163.100 Safari/537.36','Login','No'),(546,89,'2017-10-31 07:45:47',NULL,'113.193.253.114','Mozilla/5.0 (Windows NT 10.0; Win64; x64) AppleWebKit/537.36 (KHTML, like Gecko) Chrome/61.0.3163.100 Safari/537.36','Login','No'),(547,1,'2017-10-31 08:01:53',NULL,'116.68.96.197','Mozilla/5.0 (Windows NT 10.0; Win64; x64) AppleWebKit/537.36 (KHTML, like Gecko) Chrome/61.0.3163.100 Safari/537.36','Login','No'),(548,1,'2017-10-31 08:18:50',NULL,'202.83.47.48','Mozilla/5.0 (X11; Linux x86_64) AppleWebKit/537.36 (KHTML, like Gecko) Chrome/58.0.3029.81 Safari/537.36','Login','No'),(549,1,'2017-10-31 09:11:58',NULL,'78.45.146.212','Mozilla/5.0 (Macintosh; Intel Mac OS X 10_12_6) AppleWebKit/537.36 (KHTML, like Gecko) Chrome/61.0.3163.100 Safari/537.36','Login','No'),(550,1,'2017-10-31 09:22:46',NULL,'116.68.96.197','Mozilla/5.0 (Windows NT 10.0; Win64; x64) AppleWebKit/537.36 (KHTML, like Gecko) Chrome/61.0.3163.100 Safari/537.36','Login','No'),(551,1,'2017-10-31 10:43:06',NULL,'116.68.96.197','Mozilla/5.0 (Windows NT 10.0; Win64; x64) AppleWebKit/537.36 (KHTML, like Gecko) Chrome/61.0.3163.100 Safari/537.36','Login','No'),(552,1,'2017-10-31 10:51:47',NULL,'116.68.96.197','Mozilla/5.0 (Windows NT 10.0; Win64; x64) AppleWebKit/537.36 (KHTML, like Gecko) Chrome/61.0.3163.100 Safari/537.36','Login','No'),(553,1,'2017-10-31 11:03:21',NULL,'116.68.96.197','Mozilla/5.0 (Windows NT 10.0; Win64; x64) AppleWebKit/537.36 (KHTML, like Gecko) Chrome/61.0.3163.100 Safari/537.36','Login','No'),(554,1,'2017-10-31 11:08:11',NULL,'116.68.96.197','Mozilla/5.0 (Macintosh; Intel Mac OS X 10_11_0) AppleWebKit/537.36 (KHTML, like Gecko) Chrome/61.0.3163.100 Safari/537.36','Login','No'),(555,1,'2017-10-31 11:10:35',NULL,'116.68.96.197','Mozilla/5.0 (Windows NT 10.0; Win64; x64) AppleWebKit/537.36 (KHTML, like Gecko) Chrome/61.0.3163.100 Safari/537.36','Login','No'),(556,1,'2017-10-31 11:16:18',NULL,'116.68.96.197','Mozilla/5.0 (Macintosh; Intel Mac OS X 10_11_0) AppleWebKit/537.36 (KHTML, like Gecko) Chrome/61.0.3163.100 Safari/537.36','Login','No'),(557,1,'2017-10-31 11:38:11',NULL,'116.68.96.197','Mozilla/5.0 (Windows NT 10.0; Win64; x64) AppleWebKit/537.36 (KHTML, like Gecko) Chrome/61.0.3163.100 Safari/537.36','Login','No'),(558,1,'2017-10-31 11:47:14',NULL,'116.68.96.197','Mozilla/5.0 (Windows NT 10.0; Win64; x64) AppleWebKit/537.36 (KHTML, like Gecko) Chrome/61.0.3163.100 Safari/537.36','Login','No'),(559,1,'2017-10-31 11:51:06',NULL,'116.68.96.197','Mozilla/5.0 (Windows NT 10.0; Win64; x64) AppleWebKit/537.36 (KHTML, like Gecko) Chrome/61.0.3163.100 Safari/537.36','Login','No'),(560,1,'2017-10-31 11:57:28',NULL,'116.68.96.197','Mozilla/5.0 (Windows NT 10.0; Win64; x64) AppleWebKit/537.36 (KHTML, like Gecko) Chrome/61.0.3163.100 Safari/537.36','Login','No'),(561,1,'2017-10-31 11:59:35',NULL,'116.68.96.197','Mozilla/5.0 (Windows NT 10.0; Win64; x64) AppleWebKit/537.36 (KHTML, like Gecko) Chrome/61.0.3163.100 Safari/537.36','Login','No'),(562,1,'2017-10-31 12:17:42',NULL,'116.68.96.197','Mozilla/5.0 (Windows NT 10.0; Win64; x64) AppleWebKit/537.36 (KHTML, like Gecko) Chrome/61.0.3163.100 Safari/537.36','Login','No'),(563,1,'2017-10-31 12:20:06',NULL,'116.68.96.197','Mozilla/5.0 (Windows NT 10.0; Win64; x64) AppleWebKit/537.36 (KHTML, like Gecko) Chrome/61.0.3163.100 Safari/537.36','Login','No'),(564,1,'2017-10-31 12:22:55',NULL,'113.193.253.114','Mozilla/5.0 (Windows NT 10.0; Win64; x64; rv:56.0) Gecko/20100101 Firefox/56.0','Login','No'),(565,1,'2017-10-31 12:23:36',NULL,'113.193.253.114','Mozilla/5.0 (Windows NT 10.0; Win64; x64; rv:56.0) Gecko/20100101 Firefox/56.0','Login','No'),(566,1,'2017-11-01 03:08:39',NULL,'202.83.47.48','Mozilla/5.0 (X11; Fedora; Linux x86_64; rv:38.0) Gecko/20100101 Firefox/38.0','Login','No'),(567,89,'2017-11-01 03:54:00',NULL,'113.193.253.114','Mozilla/5.0 (Windows NT 10.0; Win64; x64) AppleWebKit/537.36 (KHTML, like Gecko) Chrome/61.0.3163.100 Safari/537.36','Login','No'),(568,1,'2017-11-01 03:54:08',NULL,'113.193.253.114','Mozilla/5.0 (Windows NT 10.0; Win64; x64) AppleWebKit/537.36 (KHTML, like Gecko) Chrome/61.0.3163.100 Safari/537.36','Login','No'),(569,1,'2017-11-01 03:54:44',NULL,'116.68.96.197','Mozilla/5.0 (Windows NT 10.0; Win64; x64) AppleWebKit/537.36 (KHTML, like Gecko) Chrome/61.0.3163.100 Safari/537.36','Login','No'),(570,89,'2017-11-01 03:58:44',NULL,'116.68.96.197','Mozilla/5.0 (Windows NT 10.0; Win64; x64) AppleWebKit/537.36 (KHTML, like Gecko) Chrome/61.0.3163.100 Safari/537.36','Login','No'),(571,1,'2017-11-01 04:15:00',NULL,'116.68.96.197','Mozilla/5.0 (Windows NT 10.0; Win64; x64) AppleWebKit/537.36 (KHTML, like Gecko) Chrome/61.0.3163.100 Safari/537.36','Login','No'),(572,1,'2017-11-01 04:16:16',NULL,'116.68.96.197','Mozilla/5.0 (Windows NT 10.0; Win64; x64) AppleWebKit/537.36 (KHTML, like Gecko) Chrome/61.0.3163.100 Safari/537.36','Login','No'),(573,1,'2017-11-01 04:17:30',NULL,'116.68.96.197','Mozilla/5.0 (Windows NT 10.0; Win64; x64) AppleWebKit/537.36 (KHTML, like Gecko) Chrome/61.0.3163.100 Safari/537.36','Login','No'),(574,89,'2017-11-01 04:29:20',NULL,'113.193.253.114','Mozilla/5.0 (Windows NT 10.0; Win64; x64) AppleWebKit/537.36 (KHTML, like Gecko) Chrome/61.0.3163.100 Safari/537.36','Login','No'),(575,1,'2017-11-01 04:48:23',NULL,'116.68.96.197','Mozilla/5.0 (Windows NT 10.0; Win64; x64) AppleWebKit/537.36 (KHTML, like Gecko) Chrome/61.0.3163.100 Safari/537.36','Login','No'),(576,1,'2017-11-01 04:50:11',NULL,'116.68.96.197','Mozilla/5.0 (Windows NT 10.0; Win64; x64) AppleWebKit/537.36 (KHTML, like Gecko) Chrome/61.0.3163.100 Safari/537.36','Login','No'),(577,1,'2017-11-01 05:02:42',NULL,'113.193.253.114','Mozilla/5.0 (Windows NT 10.0; Win64; x64) AppleWebKit/537.36 (KHTML, like Gecko) Chrome/61.0.3163.100 Safari/537.36','Login','No'),(578,1,'2017-11-01 05:14:14',NULL,'113.193.253.114','Mozilla/5.0 (Windows NT 10.0; Win64; x64) AppleWebKit/537.36 (KHTML, like Gecko) Chrome/61.0.3163.100 Safari/537.36','Login','No'),(579,1,'2017-11-01 05:16:18',NULL,'202.83.47.48','Mozilla/5.0 (X11; Fedora; Linux x86_64; rv:38.0) Gecko/20100101 Firefox/38.0','Login','No'),(580,1,'2017-11-01 05:38:54',NULL,'202.83.47.48','Mozilla/5.0 (X11; Fedora; Linux x86_64; rv:38.0) Gecko/20100101 Firefox/38.0','Login','No'),(581,1,'2017-11-01 05:46:29',NULL,'116.68.96.197','Mozilla/5.0 (Windows NT 10.0; Win64; x64) AppleWebKit/537.36 (KHTML, like Gecko) Chrome/61.0.3163.100 Safari/537.36','Login','No'),(582,1,'2017-11-01 06:44:48',NULL,'116.68.96.197','Mozilla/5.0 (Windows NT 10.0; Win64; x64) AppleWebKit/537.36 (KHTML, like Gecko) Chrome/61.0.3163.100 Safari/537.36','Login','No'),(583,1,'2017-11-01 06:47:31',NULL,'116.68.96.197','Mozilla/5.0 (Windows NT 10.0; Win64; x64) AppleWebKit/537.36 (KHTML, like Gecko) Chrome/61.0.3163.100 Safari/537.36','Login','No'),(584,1,'2017-11-01 06:49:17',NULL,'116.68.96.197','Mozilla/5.0 (Windows NT 10.0; Win64; x64) AppleWebKit/537.36 (KHTML, like Gecko) Chrome/61.0.3163.100 Safari/537.36','Login','No'),(585,1,'2017-11-01 06:50:18',NULL,'116.68.96.197','Mozilla/5.0 (Windows NT 10.0; Win64; x64) AppleWebKit/537.36 (KHTML, like Gecko) Chrome/61.0.3163.100 Safari/537.36','Login','No'),(586,1,'2017-11-01 06:55:56',NULL,'113.193.253.114','Mozilla/5.0 (Windows NT 10.0; Win64; x64) AppleWebKit/537.36 (KHTML, like Gecko) Chrome/61.0.3163.100 Safari/537.36','Login','No'),(587,1,'2017-11-01 06:59:48',NULL,'116.68.96.197','Mozilla/5.0 (Windows NT 10.0; Win64; x64) AppleWebKit/537.36 (KHTML, like Gecko) Chrome/61.0.3163.100 Safari/537.36','Login','No'),(588,1,'2017-11-01 07:05:46',NULL,'113.193.253.114','Mozilla/5.0 (Windows NT 10.0; Win64; x64) AppleWebKit/537.36 (KHTML, like Gecko) Chrome/61.0.3163.100 Safari/537.36','Login','No'),(589,1,'2017-11-01 07:10:40',NULL,'202.83.47.48','Mozilla/5.0 (X11; Linux x86_64) AppleWebKit/537.36 (KHTML, like Gecko) Chrome/58.0.3029.81 Safari/537.36','Login','No'),(590,1,'2017-11-01 08:37:16',NULL,'116.68.96.197','Mozilla/5.0 (Windows NT 10.0; Win64; x64) AppleWebKit/537.36 (KHTML, like Gecko) Chrome/61.0.3163.100 Safari/537.36','Login','No');
/*!40000 ALTER TABLE `dk_user_track_log` ENABLE KEYS */;
UNLOCK TABLES;

--
-- Table structure for table `dk_user_update`
--

DROP TABLE IF EXISTS `dk_user_update`;
/*!40101 SET @saved_cs_client     = @@character_set_client */;
/*!40101 SET character_set_client = utf8 */;
CREATE TABLE `dk_user_update` (
  `id` int(11) NOT NULL AUTO_INCREMENT,
  `user_id` int(11) NOT NULL,
  `update_time` datetime NOT NULL DEFAULT CURRENT_TIMESTAMP ON UPDATE CURRENT_TIMESTAMP,
  `action` varchar(255) NOT NULL,
  PRIMARY KEY (`id`)
) ENGINE=InnoDB AUTO_INCREMENT=18 DEFAULT CHARSET=latin1;
/*!40101 SET character_set_client = @saved_cs_client */;

--
-- Dumping data for table `dk_user_update`
--

LOCK TABLES `dk_user_update` WRITE;
/*!40000 ALTER TABLE `dk_user_update` DISABLE KEYS */;
INSERT INTO `dk_user_update` VALUES (1,1,'2017-10-27 11:50:55','Update Password'),(2,1,'2017-10-27 11:52:32','Update Password'),(3,1,'2017-10-27 11:58:13','Update Password'),(4,89,'2017-10-27 12:00:32','Update Password'),(5,91,'2017-10-27 12:01:10','Update Password'),(6,91,'2017-10-27 12:01:45','Update Password'),(7,91,'2017-10-27 12:02:39','Update Password'),(8,91,'2017-10-27 12:03:36','Update Password'),(9,120,'2017-10-27 12:04:21','Update Password'),(10,122,'2017-10-27 12:07:06','Update Password'),(11,122,'2017-10-27 12:07:42','Update Password'),(12,122,'2017-10-27 12:08:12','Update Password'),(13,122,'2017-10-27 12:09:04','Update Password'),(14,122,'2017-10-27 12:09:55','Update Password'),(15,122,'2017-10-27 12:10:33','Update Password'),(16,122,'2017-10-27 12:13:52','Update Password'),(17,1,'2017-10-27 12:15:00','Update Password');
/*!40000 ALTER TABLE `dk_user_update` ENABLE KEYS */;
UNLOCK TABLES;
/*!40103 SET TIME_ZONE=@OLD_TIME_ZONE */;

/*!40101 SET SQL_MODE=@OLD_SQL_MODE */;
/*!40014 SET FOREIGN_KEY_CHECKS=@OLD_FOREIGN_KEY_CHECKS */;
/*!40014 SET UNIQUE_CHECKS=@OLD_UNIQUE_CHECKS */;
/*!40101 SET CHARACTER_SET_CLIENT=@OLD_CHARACTER_SET_CLIENT */;
/*!40101 SET CHARACTER_SET_RESULTS=@OLD_CHARACTER_SET_RESULTS */;
/*!40101 SET COLLATION_CONNECTION=@OLD_COLLATION_CONNECTION */;
/*!40111 SET SQL_NOTES=@OLD_SQL_NOTES */;

-- Dump completed on 2017-11-02  5:47:38
